feature,mda_accuracy,mda_auc
rsi_rel_market,0.395,0.546
return5_rel_spy,-0.048,0.167
bb_upper_norm,0.009,0.143
macd_hist_norm,0.157,0.089
volchg_rel_market,-0.028,0.065
ema_12_norm,0.07,0.064
macd_norm,0.169,0.051
atr,-0.322,0.039
macd_signal_norm,0.263,0.034
sma_20_norm,0.012,0.025
return_10,0.506,0.001
emo_confusion,0.0,0.0
emo_excitement,0.0,0.0
emo_fear,0.0,0.0
emo_optimism,0.0,0.0
emo_disappointment,0.0,0.0
wsb_count,0.0,0.0
gdelt_pos,0.0,0.0
emo_anger,0.0,0.0
wsb_sentiment,0.0,0.0
gdelt_article_count,0.0,0.0
gdelt_neg,0.0,0.0
gdelt_compound,0.0,0.0
return_5,-0.14,-0.012
Volume,0.091,-0.013
rsi,0.039,-0.02
volume_sma_10,-0.145,-0.026
High,-0.07,-0.028
sma_10_norm,0.159,-0.032
return5_rel_market,-0.248,-0.033
bb_mid_norm,0.046,-0.033
volume_change,-0.017,-0.039
sma_50_norm,-0.173,-0.058
ema_26_norm,0.051,-0.075
Open,0.305,-0.08
bb_width,-0.243,-0.108
bb_lower_norm,-0.223,-0.2
Low,-0.116,-0.214
sma_5_norm,-0.094,-0.216
market_volatility,0.014,-0.287
volatility_20,-0.157,-0.371
Close,-0.348,-0.511
spy_return_5,-0.312,-1.007
