strategy,total_return,cagr,annual_volatility,sharpe,sortino,calmar,max_drawdown,max_drawdown_duration_sessions,daily_win_rate,var_95,cvar_95,sessions,final_equity,total_cost,average_exposure,annual_one_way_turnover,excess_total_return,tracking_error,information_ratio,beta,annual_alpha_descriptive
SPY buy and hold,0.516850447740586,0.2551512216992444,0.12453841825737239,1.8877928220412954,2.816440377652228,2.55808022638777,-0.09974324458914252,85,0.577922077922078,0.0137536259234667,0.017227678690959713,462,151685.04477405854,377.64470821242287,0.9999999999999999,1.0930697343163889,0.0,0.0,,1.0,0.0
Equal-weight universe (weekly),0.4288730288027003,0.21490406365326886,0.13358749329114805,1.5244482192888387,2.265319100692448,1.8726368289470645,-0.11476013946286845,86,0.538961038961039,0.013061256928464488,0.01846881939986568,462,142887.30288026988,838.5561289478925,1.0,2.4887012772854633,-0.08797741893788569,0.046954456667366765,-0.6699154461637148,1.0042257021981458,-0.03244898991932721
XGBoost - Finance,0.3383381027191128,0.17229230465872591,0.15668914997185565,1.0929919446459004,1.6205775335650114,1.18779620514276,-0.14505207535834674,115,0.538961038961039,0.015216917880260354,0.021149260870743647,462,133833.81027191112,21022.462843183275,1.0,61.661323460322215,-0.17851234502147317,0.0975871280425357,-0.654212851659751,0.9844751410212836,-0.060192816561333226
XGBoost + Sentiment,0.45437972728782716,0.22668584007623238,0.16051927701588728,1.353321741451203,2.080580801583898,1.754997051987367,-0.12916593781142383,79,0.5432900432900433,0.014885170400553637,0.021005980010465015,462,145437.9727287827,23861.41679128766,1.0,71.78551395636792,-0.06247072045275881,0.11113984996804421,-0.16077495652687337,0.932447768557716,-0.0019867903785469243
LSTM - Finance,0.7216354988116178,0.3449161380767689,0.17949917959728456,1.741455600708668,2.5880749102979137,3.560480972752111,-0.09687346757821946,72,0.5627705627705628,0.018255344597938438,0.024539973714970003,462,172163.549881162,19211.55687727468,1.0,50.934564391345525,0.20478505107103184,0.11076370844822733,0.6995713728190742,1.143184750881021,0.043823993456966456
LSTM + Sentiment,0.6758913632144343,0.32530527076448545,0.18708670970485045,1.5996028499212098,2.3748222167347883,2.6714588046844967,-0.12177064837909957,76,0.5822510822510822,0.018653423549488513,0.024985055058184564,462,167589.1363214435,7656.145035384687,1.0,19.95493418899678,0.15904091547384835,0.1178808246954155,0.5442929512700633,1.1803931752012604,0.021750773637788278
GRU - Finance,1.1350720027376013,0.5124448918473727,0.17499250947940828,2.4533387950184444,3.909155761242449,5.718448052732808,-0.08961258144200135,37,0.5865800865800865,0.0169817844224216,0.022385520904273187,462,213507.20027376013,21303.25357399594,0.9658080123590592,51.18732366502002,0.6182215549970154,0.11061900374948584,1.7556945344458843,1.0927153636299176,0.17241554499598763
GRU + Sentiment,0.7327483822579652,0.3496444239666756,0.20526224306965032,1.5631860623998945,2.5561387143283203,1.9288556652006636,-0.18127039273843293,118,0.5411255411255411,0.017637929521009277,0.025685482114941705,462,173274.83822579638,18164.485698914556,0.9065189033148207,44.17303511641508,0.21589793451737926,0.13836154130435352,0.6198279134526676,1.241100665335612,0.029076920328177713
Random Forest - Finance,0.26063568574247076,0.13466341687555627,0.16473555299920123,0.8492074582234673,1.2613837206114547,0.9537993116656879,-0.14118632214190208,102,0.5303030303030303,0.016600665588955444,0.022352283972771603,462,126063.56857424702,19514.31513217222,1.0,58.210468198110924,-0.2562147619981152,0.10964178295623529,-0.868355742182326,0.9873197809444694,-0.09222691767014861
Random Forest + Sentiment,0.5565839224679237,0.27297942916697027,0.16653790651590997,1.53288767481337,2.39635626709928,2.4598983440258726,-0.11097183338081029,49,0.525974025974026,0.016329536007255813,0.021842133950322487,462,155658.39224679224,22666.84005064911,0.9956044464939846,61.63320859563482,0.03973347472733768,0.11259554203561616,0.17923597922226558,0.9854060372380871,0.023612252749644926
Logistic Regression - Finance,0.15780192162218265,0.08320236525301805,0.145705023125367,0.6216049384860327,0.8436777285749878,0.449344925781139,-0.18516369158587798,142,0.5173160173160173,0.016924841304513986,0.023507208522848072,462,115780.19216221831,16389.40170340148,0.8476915429196765,54.836522540899836,-0.3590485261184033,0.1039444205372502,-1.3904716517795115,0.8360939327977163,-0.10599700591810544
Logistic Regression + Sentiment,0.24340973912034247,0.12617992316875282,0.14209383787175242,0.9075148821436263,1.2851155780673398,0.7561796272248542,-0.16686501279044974,126,0.5064935064935064,0.014694966701226575,0.021548749718785603,462,124340.9739120346,17469.353567154805,0.8455315471396502,55.49533422967586,-0.2734407086202435,0.10353684750076712,-1.025243303108478,0.8053156459191184,-0.06037963599241628
Transformer - Finance,0.28917340561801663,0.14860266778240172,0.09140277702796103,1.5616650352415793,2.598675754065933,1.6591142022810708,-0.08956747376286212,168,0.2597402597402597,0.006548171841991785,0.012444384241503606,462,128917.34056180171,4795.679715234977,0.22122865057876498,16.076325821649153,-0.22767704212256934,0.11796704761118483,-0.7829492465600882,0.32070206081050256,0.06734259033644517
Transformer + Sentiment,0.5865785554051361,0.28630121534656783,0.1840979022693623,1.4602707896584401,2.1536787346064274,2.5352726306187647,-0.11292719050759148,79,0.5303030303030303,0.017117615313802043,0.02607114103191083,462,158657.85554051347,16170.811850762684,0.9381122404385053,45.96702385320296,0.06972810766455018,0.11830057652024258,0.2851216626229057,1.1414327911462023,0.0004788214661137517
Four-model probability ensemble,0.6197697835673506,0.3009099959815511,0.19554141493540045,1.443558128566536,2.1469456167475895,1.6908491351594515,-0.1779638346937289,127,0.5476190476190477,0.019179776843004127,0.02653470910069869,462,161976.97835673482,19131.73380005738,1.0,50.238042381880874,0.1029193358267646,0.12332519414886044,0.3825063262403211,1.2423472668804776,-0.009803837602821268
