date,equity,return,cash,exposure,cost,traded_notional
2023-02-22,99968.41236793753,-0.0003158763206246862,0.0,1.0,149.77533699450825,99850.2246630055
2023-02-23,100394.8784226,0.004266008077560057,0.0,1.0,0.0,0.0
2023-02-24,98464.09161654138,-0.0192319253371791,0.0,1.0,0.0,0.0
2023-02-27,98638.50258908127,0.0017713155087959453,4.320099833421409e-12,1.0,178.20041368552052,118800.275790347
2023-02-28,98121.77527746969,-0.00523859647144298,4.320099833421409e-12,1.0,0.0,0.0
2023-03-01,98389.99270003864,0.0027335157951482447,4.320099833421409e-12,1.0,0.0,0.0
2023-03-02,98855.56324758148,0.004731889237579612,4.320099833421409e-12,1.0,0.0,0.0
2023-03-03,99939.39146172669,0.010963755387552565,4.320099833421409e-12,1.0,0.0,0.0
2023-03-06,99647.97926744567,-0.002915889220644452,0.0,1.0,240.28831703650306,160192.2113576687
2023-03-07,98311.7183519217,-0.01340981448241485,0.0,1.0,0.0,0.0
2023-03-08,98278.18274129624,-0.00034111508971301774,0.0,1.0,0.0,0.0
2023-03-09,95553.84404237922,-0.027720686554496776,0.0,1.0,0.0,0.0
2023-03-10,95917.0471390716,0.0038010307207660965,0.0,1.0,0.0,0.0
2023-03-13,94888.40840357501,-0.010724253573039522,1.3528733688872308e-11,0.9999999999999999,116.29328191807247,77528.85461204831
2023-03-14,98245.32126540759,0.03537748096221738,1.3528733688872308e-11,0.9999999999999999,0.0,0.0
2023-03-15,98080.89039826526,-0.0016736763137872313,1.3528733688872308e-11,0.9999999999999999,0.0,0.0
2023-03-16,101336.50344474555,0.03319314326430578,1.3528733688872308e-11,0.9999999999999999,0.0,0.0
2023-03-17,100599.4812091851,-0.007273018216602645,1.3528733688872308e-11,0.9999999999999999,0.0,0.0
2023-03-20,100369.59106036046,-0.0022852021308800152,0.0,1.0,122.5666233774147,81711.0822516098
2023-03-21,102257.35019562044,0.01880807837629539,0.0,1.0,0.0,0.0
2023-03-22,100368.02128844408,-0.01847621616990891,0.0,1.0,0.0,0.0
2023-03-23,100349.33801480265,-0.00018614767334845794,0.0,1.0,0.0,0.0
2023-03-24,101160.53974653248,0.008083777609077636,0.0,1.0,0.0,0.0
2023-03-27,100684.30674410464,-0.00470769534861204,0.0,1.0,122.75383977963664,81835.89318642442
2023-03-28,99841.39265757025,-0.008371851719421453,0.0,1.0,0.0,0.0
2023-03-29,101309.7699686109,0.014707099650310251,0.0,1.0,0.0,0.0
2023-03-30,102257.7042035856,0.009356789925279774,0.0,1.0,0.0,0.0
2023-03-31,103279.01007724358,0.009987568972061656,0.0,1.0,0.0,0.0
2023-04-03,102805.89710535551,-0.004580920862179316,0.0,1.0,185.17366212447834,123449.10808298556
2023-04-04,102940.00182012432,0.0013044457423621036,0.0,1.0,0.0,0.0
2023-04-05,102316.96553059768,-0.006052421590348578,0.0,1.0,0.0,0.0
2023-04-06,102589.35228097752,0.0026621855815140982,0.0,1.0,0.0,0.0
2023-04-10,102003.61761968187,-0.005709507354051735,3.979039320256561e-13,1.0,123.65095370059095,82433.9691337273
2023-04-11,101193.68941201917,-0.007940191010504138,3.979039320256561e-13,1.0,0.0,0.0
2023-04-12,100377.5799604021,-0.0080648255475122,3.979039320256561e-13,1.0,0.0,0.0
2023-04-13,102836.5419083668,0.024497123251374653,3.979039320256561e-13,1.0,0.0,0.0
2023-04-14,102515.33304781812,-0.003123489516351996,3.979039320256561e-13,1.0,0.0,0.0
2023-04-17,102667.2270457866,0.0014816710188867432,0.0,1.0,61.59544273934699,41063.628492897995
2023-04-18,102643.31963681296,-0.0002328631020975802,0.0,1.0,0.0,0.0
2023-04-19,103183.87457412976,0.005266343092073411,0.0,1.0,0.0,0.0
2023-04-20,102929.82288067839,-0.0024621259329514755,0.0,1.0,0.0,0.0
2023-04-21,103277.71356010881,0.0033798822313502175,0.0,1.0,0.0,0.0
2023-04-24,103323.90045860872,0.00044721069926700885,0.0,1.0,248.12181485204363,165414.54323469574
2023-04-25,101726.09322777255,-0.01546406227159658,0.0,1.0,0.0,0.0
2023-04-26,100608.2659346244,-0.010988599460369008,0.0,1.0,0.0,0.0
2023-04-27,102151.89197564812,0.015342934565901079,0.0,1.0,0.0,0.0
2023-04-28,103002.56777146316,0.008327557907765737,0.0,1.0,0.0,0.0
2023-05-01,103012.43700943634,9.581545573777994e-05,8.100187187665142e-13,1.0,124.81647409748903,83210.98273165936
2023-05-02,102730.79974585277,-0.0027340122392965904,8.100187187665142e-13,1.0,0.0,0.0
2023-05-03,101874.17581122956,-0.008338530769179453,8.100187187665142e-13,1.0,0.0,0.0
2023-05-04,101030.79867484557,-0.008278615553629076,8.100187187665142e-13,1.0,0.0,0.0
2023-05-05,103059.34746083326,0.02007851875462552,8.100187187665142e-13,1.0,0.0,0.0
2023-05-08,102472.86043511798,-0.005690769834712617,0.0,1.0,185.16505325645696,123443.36883763797
2023-05-09,102629.42711727208,0.001527884373377253,0.0,1.0,0.0,0.0
2023-05-10,103186.70583411667,0.005430009038321915,0.0,1.0,0.0,0.0
2023-05-11,103256.71084348457,0.0006784305090661302,0.0,1.0,0.0,0.0
2023-05-12,102400.8690099814,-0.008288486302846176,0.0,1.0,0.0,0.0
2023-05-15,103271.23440055593,0.00849958988619215,4.476419235288631e-12,1.0,125.35533248984855,83570.22165989903
2023-05-16,104097.27514179962,0.007998749565050645,4.476419235288631e-12,1.0,0.0,0.0
2023-05-17,105916.77727379909,0.0174788641635526,4.476419235288631e-12,1.0,0.0,0.0
2023-05-18,107636.82844186912,0.016239647885279096,4.476419235288631e-12,1.0,0.0,0.0
2023-05-19,106507.58470986887,-0.010491239368039529,4.476419235288631e-12,1.0,0.0,0.0
2023-05-22,106567.79997100007,0.0005653612491094417,5.760725230175012e-12,1.0,5.126852277995264,3417.901518663509
2023-05-23,106146.48691768543,-0.003953474252347267,5.760725230175012e-12,1.0,0.0,0.0
2023-05-24,106080.70198454961,-0.0006197561035329313,5.760725230175012e-12,1.0,0.0,0.0
2023-05-25,108572.50448997231,0.023489687179724994,5.760725230175012e-12,1.0,0.0,0.0
2023-05-26,112151.34590609292,0.032962686390375584,5.760725230175012e-12,1.0,0.0,0.0
2023-05-30,112613.85484992669,0.004123971407539173,1.2562395568238571e-11,0.9999999999999999,143.17621421384882,95450.80947589921
2023-05-31,112629.87573251045,0.00014226386802151936,1.2562395568238571e-11,0.9999999999999999,0.0,0.0
2023-06-01,114098.54928187364,0.01303982215918631,1.2562395568238571e-11,0.9999999999999999,0.0,0.0
2023-06-02,114651.92855630179,0.004850011484905492,1.2562395568238571e-11,0.9999999999999999,0.0,0.0
2023-06-05,115269.14140956016,0.005383362155615856,0.0,1.0,137.63985010580942,91759.90007053962
2023-06-06,116612.738073636,0.011656169618735612,0.0,1.0,0.0,0.0
2023-06-07,113252.14037930555,-0.028818444278431943,0.0,1.0,0.0,0.0
2023-06-08,114850.98241936191,0.014117543692344414,0.0,1.0,0.0,0.0
2023-06-09,115492.38735762108,0.005584670890468768,0.0,1.0,0.0,0.0
2023-06-12,116815.98059217777,0.01146043704558819,0.0,1.0,212.1771669587242,141451.44463914947
2023-06-13,117379.03509481963,0.004820012636863158,0.0,1.0,0.0,0.0
2023-06-14,115430.31020208719,-0.016601984256884084,0.0,1.0,0.0,0.0
2023-06-15,117063.85648016792,0.014151796657401627,0.0,1.0,0.0,0.0
2023-06-16,115774.62085588374,-0.011013097150977535,0.0,1.0,0.0,0.0
2023-06-20,115163.69363530431,-0.005276866519303147,0.0,1.0,138.4787063710331,92319.13758068872
2023-06-21,113203.03076911846,-0.01702500852738198,0.0,1.0,0.0,0.0
2023-06-22,113431.35532129213,0.0020169473433917506,0.0,1.0,0.0,0.0
2023-06-23,112646.39662784657,-0.006920120906800276,0.0,1.0,0.0,0.0
2023-06-26,111976.62782276719,-0.005945763247910296,0.0,1.0,203.22178796285627,135481.1919752375
2023-06-27,112683.67724575724,0.0063142589372233715,0.0,1.0,0.0,0.0
2023-06-28,112854.0051472235,0.0015115578904545401,0.0,1.0,0.0,0.0
2023-06-29,112937.17279914723,0.0007369490503701392,0.0,1.0,0.0,0.0
2023-06-30,114610.70839793896,0.014818288410389124,0.0,1.0,0.0,0.0
2023-07-03,114930.45953762124,0.002789888869477064,0.0,1.0,137.53535889812687,91690.23926541791
2023-07-05,114763.12404352616,-0.0014559716785984556,0.0,1.0,0.0,0.0
2023-07-06,112965.05679110716,-0.015667639473957218,0.0,1.0,0.0,0.0
2023-07-07,112933.3834791257,-0.00028038149921028044,0.0,1.0,0.0,0.0
2023-07-10,112478.26779457732,-0.004029948191825006,0.0,1.0,203.1237705366538,135415.84702443588
2023-07-11,112821.10941821459,0.003048069910388529,0.0,1.0,0.0,0.0
2023-07-12,114045.81355086579,0.010855274681898175,0.0,1.0,0.0,0.0
2023-07-13,115488.31652297587,0.012648451768610736,0.0,1.0,0.0,0.0
2023-07-14,115869.06259875218,0.0032968363141785417,0.0,1.0,0.0,0.0
2023-07-17,116964.77246607748,0.009456448880748036,0.0,1.0,70.9550418020654,47303.36120137693
2023-07-18,118224.62422193111,0.010771206828269708,0.0,1.0,0.0,0.0
2023-07-19,118956.85304348217,0.006193539005685755,0.0,1.0,0.0,0.0
2023-07-20,116217.69362040827,-0.023026495346784692,0.0,1.0,0.0,0.0
2023-07-21,116602.44032463875,0.0033105690901691354,0.0,1.0,0.0,0.0
2023-07-24,117549.17925238569,0.008119374904256516,0.0,1.0,210.12802382530435,140085.34921686957
2023-07-25,117446.52751883322,-0.0008732662720857265,0.0,1.0,0.0,0.0
2023-07-26,117739.86153321827,0.002497596315378603,0.0,1.0,0.0,0.0
2023-07-27,117931.83611597816,0.0016304977792567232,0.0,1.0,0.0,0.0
2023-07-28,118651.98885217088,0.006106516780460369,0.0,1.0,0.0,0.0
2023-07-31,118899.08422219697,0.0020825219401416906,0.0,1.0,72.3078969722608,48205.26464817387
2023-08-01,118155.11773544691,-0.00625712545741508,0.0,1.0,0.0,0.0
2023-08-02,117499.84029926939,-0.005545908198785865,0.0,1.0,0.0,0.0
2023-08-03,117662.29039285493,0.0013825558670699234,0.0,1.0,0.0,0.0
2023-08-04,115886.61715728043,-0.015091268660892276,0.0,1.0,0.0,0.0
2023-08-07,116537.65557253285,0.005617891273578479,0.0,1.0,209.20251207600057,139468.34138400038
2023-08-08,115784.22376113565,-0.006465136163034124,0.0,1.0,0.0,0.0
2023-08-09,115348.11750155232,-0.0037665430178382975,0.0,1.0,0.0,0.0
2023-08-10,115097.16957045103,-0.002175570235014024,0.0,1.0,0.0,0.0
2023-08-11,115309.09285891104,0.0018412554300937245,0.0,1.0,0.0,0.0
2023-08-14,116157.1368446046,0.007354528291460882,0.0,1.0,212.20078041944507,141467.18694629672
2023-08-15,114430.18269744224,-0.014867395960978969,0.0,1.0,0.0,0.0
2023-08-16,112533.43251402678,-0.016575610898311277,0.0,1.0,0.0,0.0
2023-08-17,110938.21198398207,-0.014175525391939559,0.0,1.0,0.0,0.0
2023-08-18,110878.62380257108,-0.0005371294556252293,0.0,1.0,0.0,0.0
2023-08-21,112291.1726657556,0.012739595917962365,0.0,1.0,133.64496848249993,89096.64565499996
2023-08-22,111532.42279083366,-0.0067569859402967225,0.0,1.0,0.0,0.0
2023-08-23,113342.844145712,0.01623224269299328,0.0,1.0,0.0,0.0
2023-08-24,109670.50558988619,-0.03240026826135323,0.0,1.0,0.0,0.0
2023-08-25,110842.52305300192,0.010686715236806643,0.0,1.0,0.0,0.0
2023-08-28,111574.15856716402,0.006600675390727506,1.1738165994756855e-11,0.9999999999999999,136.93386775620738,91289.24517080492
2023-08-29,113061.7481263872,0.013332742799289976,1.1738165994756855e-11,0.9999999999999999,0.0,0.0
2023-08-30,113696.88483276864,0.005617609111009392,1.1738165994756855e-11,0.9999999999999999,0.0,0.0
2023-08-31,114250.58486146895,0.004869966573971762,1.1738165994756855e-11,0.9999999999999999,0.0,0.0
2023-09-01,115790.31595494614,0.013476789596693628,1.1738165994756855e-11,0.9999999999999999,0.0,0.0
2023-09-05,115817.62301107144,0.00023583195105825183,5.6843418860808015e-12,1.0,208.1886286033348,138792.41906888987
2023-09-06,114896.32325706689,-0.007954745832734589,5.6843418860808015e-12,1.0,0.0,0.0
2023-09-07,114436.2777221358,-0.004004005714802528,5.6843418860808015e-12,1.0,0.0,0.0
2023-09-08,114996.77485641582,0.0048978972877899984,5.6843418860808015e-12,1.0,0.0,0.0
2023-09-11,115375.0088019621,0.00328908307227338,0.0,1.0,138.8226474838034,92548.43165586893
2023-09-12,114674.99149756374,-0.006067321785430346,0.0,1.0,0.0,0.0
2023-09-13,116410.15582028806,0.015131148475046485,0.0,1.0,0.0,0.0
2023-09-14,116893.2238194223,0.004149706662020192,0.0,1.0,0.0,0.0
2023-09-15,113699.27421389325,-0.02732365060324704,0.0,1.0,0.0,0.0
2023-09-18,113845.33519375128,0.0012846254373026778,1.4779288903810084e-12,1.0,204.8303385661551,136553.5590441034
2023-09-19,113399.28295583537,-0.003918054588330611,1.4779288903810084e-12,1.0,0.0,0.0
2023-09-20,112735.78914660841,-0.005850952421677658,1.4779288903810084e-12,1.0,0.0,0.0
2023-09-21,110679.44430211163,-0.01824039074071304,1.4779288903810084e-12,1.0,0.0,0.0
2023-09-22,109941.00899418654,-0.006671837869997366,1.4779288903810084e-12,1.0,0.0,0.0
2023-09-25,110834.67629957641,0.008128607455632153,0.0,1.0,133.01938912499656,88679.59274999771
2023-09-26,109459.42772635753,-0.012408107454581319,0.0,1.0,0.0,0.0
2023-09-27,110694.13567821399,0.011280051225401655,0.0,1.0,0.0,0.0
2023-09-28,112200.44090624602,0.013607814170127686,0.0,1.0,0.0,0.0
2023-09-29,111034.6562559524,-0.01039019669510688,0.0,1.0,0.0,0.0
2023-10-02,111032.25768389381,-2.160201273615492e-05,3.950617610826157e-12,1.0,136.32405918179907,90882.70612119937
2023-10-03,108580.90739160041,-0.022077820837187123,3.950617610826157e-12,1.0,0.0,0.0
2023-10-04,110066.40806111941,0.013681048585839184,3.950617610826157e-12,1.0,0.0,0.0
2023-10-05,109857.70157424081,-0.0018961869525414565,3.950617610826157e-12,1.0,0.0,0.0
2023-10-06,111601.37061014393,0.015872069148695545,3.950617610826157e-12,1.0,0.0,0.0
2023-10-09,111637.96854035943,0.0003279344152802288,0.0,1.0,265.4363370627374,176957.5580418249
2023-10-10,112180.92590051798,0.0048635546423638765,0.0,1.0,0.0,0.0
2023-10-11,111965.51594073624,-0.001920201300288471,0.0,1.0,0.0,0.0
2023-10-12,110905.78176421068,-0.009464826447872388,0.0,1.0,0.0,0.0
2023-10-13,110385.02712230546,-0.004695468835090755,0.0,1.0,0.0,0.0
2023-10-16,110570.59627160223,0.0016811079739207369,0.0,1.0,265.88970016450025,177259.80010966683
2023-10-17,110917.7075739443,0.003139273134508791,0.0,1.0,0.0,0.0
2023-10-18,109562.988934716,-0.012213727355707915,0.0,1.0,0.0,0.0
2023-10-19,108710.22949815111,-0.007783280146482885,0.0,1.0,0.0,0.0
2023-10-20,106618.23860056784,-0.019243735453790434,0.0,1.0,0.0,0.0
2023-10-23,106067.98409750787,-0.005160979118417397,0.0,1.0,191.26601692222258,127510.67794814838
2023-10-24,107224.62809310309,0.010904741948634777,0.0,1.0,0.0,0.0
2023-10-25,104032.64757478627,-0.029769098527860804,0.0,1.0,0.0,0.0
2023-10-26,102744.03984849348,-0.012386570526972673,0.0,1.0,0.0,0.0
2023-10-27,103722.17502770296,0.009520116015019786,0.0,1.0,0.0,0.0
2023-10-30,105754.83191593827,0.01959712942475811,0.0,1.0,126.97967471052321,84653.11647368214
2023-10-31,106609.45522264221,0.008081175027380816,0.0,1.0,0.0,0.0
2023-11-01,107934.96601234016,0.012433332361841298,0.0,1.0,0.0,0.0
2023-11-02,110623.74294493903,0.024911083330414696,0.0,1.0,0.0,0.0
2023-11-03,111772.34766094576,0.010382985473366357,0.0,1.0,0.0,0.0
2023-11-06,111606.30018579304,-0.0014855863603797648,0.0,1.0,134.55739885180475,89704.93256786984
2023-11-07,112417.60663530786,0.00726936067376327,0.0,1.0,0.0,0.0
2023-11-08,111963.20777343435,-0.004042061341402059,0.0,1.0,0.0,0.0
2023-11-09,110984.69302434138,-0.008739609810689442,0.0,1.0,0.0,0.0
2023-11-10,112530.8392846511,0.013931166705760223,0.0,1.0,0.0,0.0
2023-11-13,111884.9864502582,-0.005739340775368973,3.154809746774845e-12,1.0,203.8017066430007,135867.80442866712
2023-11-14,115128.87374151731,0.0289930525459845,3.154809746774845e-12,1.0,0.0,0.0
2023-11-15,115214.39144129714,0.0007427997599613878,3.154809746774845e-12,1.0,0.0,0.0
2023-11-16,115205.57398765461,-7.653083553382789e-05,3.154809746774845e-12,1.0,0.0,0.0
2023-11-17,115629.71659897675,0.003681615364961255,3.154809746774845e-12,1.0,0.0,0.0
2023-11-20,116307.85204259206,0.005864715953314947,0.0,1.0,139.69036489230578,93126.90992820385
2023-11-21,115721.79609502554,-0.005038833898780126,0.0,1.0,0.0,0.0
2023-11-22,115809.58112058899,0.0007585867876729324,0.0,1.0,0.0,0.0
2023-11-24,115969.21839350168,0.0013784461645403034,0.0,1.0,0.0,0.0
2023-11-27,115593.21266670087,-0.003242289048848823,0.0,1.0,208.46003207337657,138973.35471558437
2023-11-28,115934.52365942366,0.002952690602232133,0.0,1.0,0.0,0.0
2023-11-29,115306.25749760776,-0.005419146445639789,0.0,1.0,0.0,0.0
2023-11-30,115507.88172182717,0.001748597418692599,0.0,1.0,0.0,0.0
2023-12-01,116155.55189859471,0.005607151365889518,0.0,1.0,0.0,0.0
2023-12-04,115678.87515381872,-0.004103779259661544,4.035882739117369e-12,1.0,276.3096025254595,184206.40168363968
2023-12-05,115510.79510313823,-0.001452988287247714,4.035882739117369e-12,1.0,0.0,0.0
2023-12-06,115151.01768196901,-0.0031146649180968655,4.035882739117369e-12,1.0,0.0,0.0
2023-12-07,115973.91385087732,0.007146234444762145,4.035882739117369e-12,1.0,0.0,0.0
2023-12-08,116773.12517634826,0.006891302526002452,4.035882739117369e-12,1.0,0.0,0.0
2023-12-11,116485.63496915915,-0.002461955238030611,0.0,1.0,211.3691523179412,140912.7682119608
2023-12-12,117394.55650906617,0.00780286376210837,0.0,1.0,0.0,0.0
2023-12-13,119166.38586024205,0.01509294301085462,0.0,1.0,0.0,0.0
2023-12-14,118377.42351082094,-0.006620678673148639,0.0,1.0,0.0,0.0
2023-12-15,119624.87983095253,0.010537958025565342,0.0,1.0,0.0,0.0
2023-12-18,120878.63209695816,0.01048069822747033,0.0,1.0,73.28811011475885,48858.7400765059
2023-12-19,121025.98147786295,0.0012189861710760752,0.0,1.0,0.0,0.0
2023-12-20,119299.5186294317,-0.014265224932276555,0.0,1.0,0.0,0.0
2023-12-21,120042.89257864418,0.006231156317751507,0.0,1.0,0.0,0.0
2023-12-22,120438.83916773979,0.003298375943717069,0.0,1.0,0.0,0.0
2023-12-26,120569.8769480497,0.0010880026843118618,4.092726157978177e-12,1.0,144.77932729763734,96519.55153175823
2023-12-27,120889.42797207674,0.0026503388086289714,4.092726157978177e-12,1.0,0.0,0.0
2023-12-28,120733.33540694395,-0.001291201122804897,4.092726157978177e-12,1.0,0.0,0.0
2023-12-29,120163.06269828521,-0.004723407224165421,4.092726157978177e-12,1.0,0.0,0.0
2024-01-02,119763.35582724566,-0.0033263705340398353,0.0,1.0,215.52082628619553,143680.55085746368
2024-01-03,119991.3016183454,0.0019033016361744703,0.0,1.0,0.0,0.0
2024-01-04,118597.20354909173,-0.011618326082400987,0.0,1.0,0.0,0.0
2024-01-05,118870.58840623903,0.0023051543288212795,0.0,1.0,0.0,0.0
2024-01-08,119234.28080400737,0.0030595658913157298,0.0,1.0,284.7948826552319,189863.25510348793
2024-01-09,118659.01847728787,-0.004824638709945317,0.0,1.0,0.0,0.0
2024-01-10,118751.55322481331,0.0007798374595788804,0.0,1.0,0.0,0.0
2024-01-11,118306.93936901915,-0.0037440677087603458,0.0,1.0,0.0,0.0
2024-01-12,118429.71451305902,0.0010377679001305484,0.0,1.0,0.0,0.0
2024-01-16,117073.60950498481,-0.011450715841459513,4.433786671143025e-12,1.0,281.82878095110493,187885.8539674033
2024-01-17,116846.40052917668,-0.0019407360614303037,4.433786671143025e-12,1.0,0.0,0.0
2024-01-18,117343.89939210708,0.004257716632068309,4.433786671143025e-12,1.0,0.0,0.0
2024-01-19,119506.711228017,0.01843139564233187,4.433786671143025e-12,1.0,0.0,0.0
2024-01-22,119320.3185967475,-0.0015596833797381082,0.0,1.0,216.92692287676883,144617.94858451255
2024-01-23,119947.60594797699,0.005257171273146399,0.0,1.0,0.0,0.0
2024-01-24,120745.68947981371,0.006653601174690049,0.0,1.0,0.0,0.0
2024-01-25,120574.48997053794,-0.0014178519333759576,0.0,1.0,0.0,0.0
2024-01-26,120407.68006055357,-0.001383459387015673,0.0,1.0,0.0,0.0
2024-01-29,120541.99975103572,0.0011155408892074004,0.0,1.0,288.7578754236453,192505.2502824302
2024-01-30,121299.28180535436,0.006282308704706363,0.0,1.0,0.0,0.0
2024-01-31,119585.29482361136,-0.014130231904368462,0.0,1.0,0.0,0.0
2024-02-01,121156.3025239385,0.013137131138442948,0.0,1.0,0.0,0.0
2024-02-02,123163.55874847996,0.016567493252320542,0.0,1.0,0.0,0.0
2024-02-05,123316.74238068235,0.0012437415235395655,0.0,1.0,224.55486249103893,149703.2416606926
2024-02-06,122503.07632908618,-0.00659817990556677,0.0,1.0,0.0,0.0
2024-02-07,124090.82185668997,0.012960862495718484,0.0,1.0,0.0,0.0
2024-02-08,123903.53029490984,-0.001509310350095272,0.0,1.0,0.0,0.0
2024-02-09,125213.2628355129,0.010570582916287208,0.0,1.0,0.0,0.0
2024-02-12,124821.38536409228,-0.0031296802155488246,0.0,1.0,226.37400707664457,150916.00471776305
2024-02-13,123086.32811026456,-0.013900320436011193,0.0,1.0,0.0,0.0
2024-02-14,123832.08341404976,0.006058798854712277,0.0,1.0,0.0,0.0
2024-02-15,125024.99155316403,0.009633271977873559,0.0,1.0,0.0,0.0
2024-02-16,124825.40061969706,-0.0015964082939537994,0.0,1.0,0.0,0.0
2024-02-20,122377.15355521352,-0.01961337237716998,1.6257217794191092e-11,0.9999999999999999,299.6670568601677,199778.03790677845
2024-02-21,122578.78189861318,0.0016475979179291222,1.6257217794191092e-11,0.9999999999999999,0.0,0.0
2024-02-22,126601.84710998979,0.03282024139140294,1.6257217794191092e-11,0.9999999999999999,0.0,0.0
2024-02-23,125922.47904961908,-0.005366178107816033,1.6257217794191092e-11,0.9999999999999999,0.0,0.0
2024-02-26,126048.22226643967,0.000998576408037799,0.0,1.0,153.027958357915,102018.63890527666
2024-02-27,125515.26852376378,-0.004228173417228698,0.0,1.0,0.0,0.0
2024-02-28,124539.3113519415,-0.007775605177767653,0.0,1.0,0.0,0.0
2024-02-29,124326.14066458888,-0.0017116738886584493,0.0,1.0,0.0,0.0
2024-03-01,124783.5222229842,0.003678884874495303,0.0,1.0,0.0,0.0
2024-03-04,123914.98543404236,-0.006960348397521576,0.0,1.0,149.88329726918113,99922.19817945408
2024-03-05,121248.74905818814,-0.021516658106483844,0.0,1.0,0.0,0.0
2024-03-06,121917.3107048543,0.005513967375822659,0.0,1.0,0.0,0.0
2024-03-07,122741.96729989268,0.006764064842561757,0.0,1.0,0.0,0.0
2024-03-08,121006.68295264967,-0.014137661188069695,0.0,1.0,0.0,0.0
2024-03-11,121081.84299157784,0.0006211230412587199,0.0,1.0,289.4380872207786,192958.7248138524
2024-03-12,121313.41272526128,0.0019125058552300622,0.0,1.0,0.0,0.0
2024-03-13,121703.81105098948,0.0032180969684887373,0.0,1.0,0.0,0.0
2024-03-14,121216.36484185331,-0.004005184430353914,0.0,1.0,0.0,0.0
2024-03-15,120280.48125146795,-0.007720769316967857,0.0,1.0,0.0,0.0
2024-03-18,120335.38253648649,0.00045644384232024215,0.0,1.0,144.9690905437472,96646.06036249813
2024-03-19,121350.42910293759,0.008435146380519676,0.0,1.0,0.0,0.0
2024-03-20,122234.40705776999,0.00728450621367438,0.0,1.0,0.0,0.0
2024-03-21,124357.41225672235,0.01736831101859071,0.0,1.0,0.0,0.0
2024-03-22,123291.76753953678,-0.008569209489384222,0.0,1.0,0.0,0.0
2024-03-25,123946.6586156865,0.005311717799322713,0.0,1.0,148.94093308852428,99293.95539234951
2024-03-26,124137.81269120084,0.0015422285493555954,0.0,1.0,0.0,0.0
2024-03-27,125735.43044388894,0.01286971083228483,0.0,1.0,0.0,0.0
2024-03-28,126183.80200618636,0.003565992184657363,0.0,1.0,0.0,0.0
2024-04-01,126138.54122110229,-0.0003586893433584759,0.0,1.0,76.84160101121536,51227.7340074769
2024-04-02,126089.62883767666,-0.0003877671562722007,0.0,1.0,0.0,0.0
2024-04-03,125688.67653533391,-0.003179899140308473,0.0,1.0,0.0,0.0
2024-04-04,123406.88607300216,-0.018154304152373624,0.0,1.0,0.0,0.0
2024-04-05,125159.130095815,0.014198916110534476,0.0,1.0,0.0,0.0
2024-04-08,124954.13320195471,-0.0016378900500774174,0.0,1.0,300.7819198737724,200521.27991584825
2024-04-09,125288.59944525087,0.0026767121240847125,0.0,1.0,0.0,0.0
2024-04-10,124446.79739134258,-0.006718903855862379,0.0,1.0,0.0,0.0
2024-04-11,125020.48995755595,0.004609942386940791,0.0,1.0,0.0,0.0
2024-04-12,122304.16127670629,-0.0217270679531959,0.0,1.0,0.0,0.0
2024-04-15,120419.89045230512,-0.015406432657169455,0.0,1.0,294.37799639765683,196251.99759843788
2024-04-16,119299.38493677476,-0.009304987002742293,0.0,1.0,0.0,0.0
2024-04-17,119093.9767821118,-0.0017217872059593908,0.0,1.0,0.0,0.0
2024-04-18,118858.30273008115,-0.0019788914468934493,0.0,1.0,0.0,0.0
2024-04-19,118305.6071328266,-0.004650037772369053,0.0,1.0,0.0,0.0
2024-04-22,118883.01843459009,0.004880675698787584,0.0,1.0,147.08493253790738,98056.62169193826
2024-04-23,120190.71670706006,0.010999874411747657,0.0,1.0,0.0,0.0
2024-04-24,120383.12887142526,0.0016008903985003098,0.0,1.0,0.0,0.0
2024-04-25,120077.66249191244,-0.002537451737436247,0.0,1.0,0.0,0.0
2024-04-26,121631.69156713315,0.012941866480165487,0.0,1.0,0.0,0.0
2024-04-29,122416.72187471388,0.006454159252956337,0.0,1.0,222.44348634025624,148295.65756017083
2024-04-30,121685.51546199998,-0.005973092576864181,0.0,1.0,0.0,0.0
2024-05-01,123231.70997441951,0.012706479539073667,0.0,1.0,0.0,0.0
2024-05-02,124910.86085802423,0.013625964323251472,0.0,1.0,0.0,0.0
2024-05-03,127226.55609625335,0.01853878215490945,0.0,1.0,0.0,0.0
2024-05-06,128874.89760358167,0.012955954777878809,1.4637180356658064e-11,0.9999999999999999,231.46117425875846,154307.44950583897
2024-05-07,129192.2445279926,0.0024624417191552173,1.4637180356658064e-11,0.9999999999999999,0.0,0.0
2024-05-08,128513.70542092662,-0.005252165944984122,1.4637180356658064e-11,0.9999999999999999,0.0,0.0
2024-05-09,129019.29561712695,0.003934134453164706,1.4637180356658064e-11,0.9999999999999999,0.0,0.0
2024-05-10,128744.59899000775,-0.0021291127486416928,1.4637180356658064e-11,0.9999999999999999,0.0,0.0
2024-05-13,128266.52991262541,-0.0037133136545747236,1.0800249583553523e-12,1.0,156.90307606993775,104602.05071329183
2024-05-14,128890.89586993915,0.004867723152244485,1.0800249583553523e-12,1.0,0.0,0.0
2024-05-15,130774.81580404751,0.01461639258066283,1.0800249583553523e-12,1.0,0.0,0.0
2024-05-16,131436.4498917077,0.005059338708238714,1.0800249583553523e-12,1.0,0.0,0.0
2024-05-17,132180.82521042647,0.005663385760434458,1.0800249583553523e-12,1.0,0.0,0.0
2024-05-20,131815.00971393462,-0.0027675383014857946,4.774847184307873e-12,1.0,162.78808200970047,108525.38800646698
2024-05-21,132324.1053989747,0.003862198137715378,4.774847184307873e-12,1.0,0.0,0.0
2024-05-22,131842.53086204355,-0.003639356075592848,4.774847184307873e-12,1.0,0.0,0.0
2024-05-23,130113.7919615808,-0.01311214893372803,4.774847184307873e-12,1.0,0.0,0.0
2024-05-24,130899.3102901914,0.0060371642142482695,4.774847184307873e-12,1.0,0.0,0.0
2024-05-28,131403.9713320309,0.0038553376692413988,0.0,1.0,157.50455109909197,105003.03406606131
2024-05-29,129813.19863845111,-0.01210597120813206,0.0,1.0,0.0,0.0
2024-05-30,130031.84109459199,0.0016842852532263919,0.0,1.0,0.0,0.0
2024-05-31,130489.52345115849,0.003519771409170147,0.0,1.0,0.0,0.0
2024-06-03,129879.28368149379,-0.00467654225048264,6.622258297284134e-12,1.0,158.8802553731882,105920.17024879213
2024-06-04,129397.75969188039,-0.0037074734011796062,6.622258297284134e-12,1.0,0.0,0.0
2024-06-05,131722.30586990435,0.017964346396406983,6.622258297284134e-12,1.0,0.0,0.0
2024-06-06,132072.76388549453,0.002660582148753976,6.622258297284134e-12,1.0,0.0,0.0
2024-06-07,132390.23567927454,0.0024037642920478053,6.622258297284134e-12,1.0,0.0,0.0
2024-06-10,129883.45167276649,-0.018934810363061327,0.0,1.0,315.2599817787346,210173.32118582306
2024-06-11,131200.23726071374,0.010138209071197224,0.0,1.0,0.0,0.0
2024-06-12,131572.3189374246,0.002835983261001873,0.0,1.0,0.0,0.0
2024-06-13,131756.10169741116,0.0013968193421745045,0.0,1.0,0.0,0.0
2024-06-14,130893.00130594985,-0.0065507432319414916,0.0,1.0,0.0,0.0
2024-06-17,131633.8012664625,0.005659584188012712,0.0,1.0,158.16058712109646,105440.3914140643
2024-06-18,131347.60827953316,-0.0021741603157841016,0.0,1.0,0.0,0.0
2024-06-20,132954.76365722867,0.012235893738355541,0.0,1.0,0.0,0.0
2024-06-21,132091.69042446304,-0.006491480327780685,0.0,1.0,0.0,0.0
2024-06-24,132470.63633571638,0.002868809612744272,8.72546479513403e-12,1.0,158.73486235314923,105823.24156876616
2024-06-25,131691.37472409764,-0.005882523351393054,8.72546479513403e-12,1.0,0.0,0.0
2024-06-26,132956.3571119879,0.009605658613105694,8.72546479513403e-12,1.0,0.0,0.0
2024-06-27,132410.13187475552,-0.004108304778328797,8.72546479513403e-12,1.0,0.0,0.0
2024-06-28,132033.86622922606,-0.0028416680823591944,8.72546479513403e-12,1.0,0.0,0.0
2024-07-01,133468.1951562192,0.010863341110552538,0.0,1.0,158.9607787750254,105973.8525166836
2024-07-02,133757.14389237663,0.0021649257774050135,0.0,1.0,0.0,0.0
2024-07-03,133835.47711432484,0.0005856376689026277,0.0,1.0,0.0,0.0
2024-07-05,135918.5874594656,0.015564709672319044,0.0,1.0,0.0,0.0
2024-07-08,135491.37340451975,-0.003143161380140591,0.0,1.0,245.0326030289972,163355.06868599812
2024-07-09,135726.7121231946,0.0017369276933389965,0.0,1.0,0.0,0.0
2024-07-10,136970.07366219923,0.009160772552097685,0.0,1.0,0.0,0.0
2024-07-11,134176.0142254379,-0.020399050406092023,0.0,1.0,0.0,0.0
2024-07-12,133730.9313816644,-0.0033171565450265117,0.0,1.0,0.0,0.0
2024-07-15,134273.6642157947,0.004058394183925618,0.0,1.0,242.17363821905403,161449.092146036
2024-07-16,136313.0373766112,0.01518818431542135,0.0,1.0,0.0,0.0
2024-07-17,134260.32509890402,-0.0150588110808203,0.0,1.0,0.0,0.0
2024-07-18,131181.64460802445,-0.022930679548195942,0.0,1.0,0.0,0.0
2024-07-19,129923.2789660781,-0.009592543573503698,0.0,1.0,0.0,0.0
2024-07-22,129076.74895341051,-0.006515614595045793,0.0,1.0,312.8038420973618,208535.89473157452
2024-07-23,128917.74607773576,-0.00123184754004102,0.0,1.0,0.0,0.0
2024-07-24,128163.44840947252,-0.00585099950326784,0.0,1.0,0.0,0.0
2024-07-25,128894.44344931336,0.005703615569903953,0.0,1.0,0.0,0.0
2024-07-26,129675.94491042226,0.006063112110928248,0.0,1.0,0.0,0.0
2024-07-29,128014.18441342152,-0.012814716701302298,0.0,1.0,310.74893429839494,207165.95619892995
2024-07-30,129691.88100701221,0.013105552336079906,0.0,1.0,0.0,0.0
2024-07-31,130272.65892239152,0.0044781362631938215,0.0,1.0,0.0,0.0
2024-08-01,128378.48707525156,-0.014540056699605675,0.0,1.0,0.0,0.0
2024-08-02,126947.56030746335,-0.011146156964363052,0.0,1.0,0.0,0.0
2024-08-05,127368.79390643096,0.0033181701006888,1.5091927707544528e-11,0.9999999999999999,227.57624184626857,151717.49456417904
2024-08-06,126744.5600253756,-0.004900995462938429,1.5091927707544528e-11,0.9999999999999999,0.0,0.0
2024-08-07,127101.40810917555,0.0028154903352737293,1.5091927707544528e-11,0.9999999999999999,0.0,0.0
2024-08-08,130736.1324971303,0.02859704264513452,1.5091927707544528e-11,0.9999999999999999,0.0,0.0
2024-08-09,131100.1312670658,0.0027842247050062774,1.5091927707544528e-11,0.9999999999999998,0.0,0.0
2024-08-12,130236.75367826036,-0.006585634815625352,0.0,1.0,314.9373302550869,209958.22017005796
2024-08-13,133392.30089644517,0.0242293141456853,0.0,1.0,0.0,0.0
2024-08-14,132531.592874854,-0.00645245651965598,0.0,1.0,0.0,0.0
2024-08-15,136575.49939557895,0.03051277384512785,0.0,1.0,0.0,0.0
2024-08-16,137659.47345385095,0.007936811968978219,0.0,1.0,0.0,0.0
2024-08-19,138921.22839589106,0.009165769055938577,9.265477274311706e-12,1.0,330.01556491568573,220010.37661045714
2024-08-20,140300.27951788137,0.009926856664845829,9.265477274311706e-12,1.0,0.0,0.0
2024-08-21,140597.96387277287,0.002121765943121856,9.265477274311706e-12,1.0,0.0,0.0
2024-08-22,139818.91081540368,-0.005540998147556153,9.265477274311706e-12,1.0,0.0,0.0
2024-08-23,140322.84456415393,0.003604188773974615,9.265477274311706e-12,1.0,0.0,0.0
2024-08-26,139143.5738064582,-0.008403982696891354,7.787548383930698e-12,1.0,337.53206850005466,225021.37900003645
2024-08-27,139171.00721759163,0.00019715902346728598,7.787548383930698e-12,1.0,0.0,0.0
2024-08-28,137423.83553859752,-0.012554135476381512,7.787548383930698e-12,1.0,0.0,0.0
2024-08-29,138309.95576260393,0.006448082463522464,7.787548383930698e-12,1.0,0.0,0.0
2024-08-30,140179.37729293117,0.013516174739697906,7.787548383930698e-12,1.0,0.0,0.0
2024-09-03,138319.40728674707,-0.013268499561796099,0.0,1.0,167.97615843315967,111984.10562210644
2024-09-04,137733.02178065892,-0.004239358146413408,0.0,1.0,0.0,0.0
2024-09-05,136450.93856612215,-0.009308466466222631,0.0,1.0,0.0,0.0
2024-09-06,134987.02572943832,-0.010728492248328725,0.0,1.0,0.0,0.0
2024-09-09,135739.50000897824,0.005574419285659049,1.2278178473934531e-11,1.0,327.48369102868537,218322.46068579023
2024-09-10,135733.9044483223,-4.1222788175532266e-05,1.2278178473934531e-11,1.0,0.0,0.0
2024-09-11,136403.00577528265,0.004929507698756996,1.2278178473934531e-11,1.0,0.0,0.0
2024-09-12,138027.50572777857,0.01190956125389353,1.2278178473934531e-11,1.0,0.0,0.0
2024-09-13,138782.25679120162,0.005468120715820257,1.2278178473934531e-11,1.0,0.0,0.0
2024-09-16,138224.47109874347,-0.004019142686931154,4.462208380573429e-12,1.0,250.45929278098183,166972.86185398788
2024-09-17,138417.21985070154,0.0013944618519854401,4.462208380573429e-12,1.0,0.0,0.0
2024-09-18,138330.53541809798,-0.0006262546863537999,4.462208380573429e-12,1.0,0.0,0.0
2024-09-19,142163.81702517305,0.027711029929069042,4.462208380573429e-12,1.0,0.0,0.0
2024-09-20,142047.47987084877,-0.0008183316736893875,4.462208380573429e-12,1.0,0.0,0.0
2024-09-23,141131.3071409962,-0.006449764055550644,1.2079226507921703e-11,1.0,255.82014166312248,170546.76110874832
2024-09-24,141476.5314689988,0.0024461215232540745,1.2079226507921703e-11,1.0,0.0,0.0
2024-09-25,140575.53124823066,-0.006368548984151179,1.2079226507921703e-11,1.0,0.0,0.0
2024-09-26,140373.91109477557,-0.001434247849997905,1.2079226507921703e-11,1.0,0.0,0.0
2024-09-27,141127.26419205047,0.0053667600439391006,1.2079226507921703e-11,1.0,0.0,0.0
2024-09-30,141440.628993879,0.0022204412706683385,6.59383658785373e-12,1.0,170.47025044739053,113646.83363159368
2024-10-01,138643.5074882421,-0.019775940799570235,6.59383658785373e-12,1.0,0.0,0.0
2024-10-02,139922.24889534913,0.009223233242389606,6.59383658785373e-12,1.0,0.0,0.0
2024-10-03,140780.66292769182,0.006134935931345176,6.59383658785373e-12,1.0,0.0,0.0
2024-10-04,144372.24162305114,0.02551187514441544,6.59383658785373e-12,1.0,0.0,0.0
2024-10-07,143729.25333593372,-0.004453683615969872,1.3926637620897964e-11,1.0,259.2204405830277,172813.6270553518
2024-10-08,143870.0491051198,0.0009795902081046748,1.3926637620897964e-11,1.0,0.0,0.0
2024-10-09,144319.559857218,0.003124422038458974,1.3926637620897964e-11,1.0,0.0,0.0
2024-10-10,143662.4609135663,-0.0045530830630429175,1.3926637620897964e-11,1.0,0.0,0.0
2024-10-11,144592.36777801986,0.0064728590791232055,1.3926637620897964e-11,1.0,0.0,0.0
2024-10-14,145044.42572393938,0.0031264302042104397,4.661160346586257e-12,1.0,259.9205050048721,173280.33666991472
2024-10-15,144174.93980925795,-0.005994617927174262,4.661160346586257e-12,1.0,0.0,0.0
2024-10-16,144714.84367258145,0.003744782997917584,4.661160346586257e-12,1.0,0.0,0.0
2024-10-17,144347.80186466814,-0.0025363107100729865,4.661160346586257e-12,1.0,0.0,0.0
2024-10-18,143386.69962994353,-0.006658239490378137,4.661160346586257e-12,1.0,0.0,0.0
2024-10-21,141767.7089592506,-0.011291079820312966,0.0,1.0,171.9980793959436,114665.3862639624
2024-10-22,141716.07543688721,-0.0003642121519945585,0.0,1.0,0.0,0.0
2024-10-23,140920.67151380546,-0.0056126584131662716,0.0,1.0,0.0,0.0
2024-10-24,140883.08267378726,-0.00026673758799478087,0.0,1.0,0.0,0.0
2024-10-25,139576.78055131558,-0.009272242611956472,0.0,1.0,0.0,0.0
2024-10-28,141117.00828705123,0.011034985401238595,1.3073986337985843e-12,1.0,336.67056111979633,224447.04074653087
2024-10-29,141692.03050743008,0.00407479032725222,1.3073986337985843e-12,1.0,0.0,0.0
2024-10-30,140546.95233435335,-0.008081457855999119,1.3073986337985843e-12,1.0,0.0,0.0
2024-10-31,138935.85851764798,-0.011463029186663976,1.3073986337985843e-12,1.0,0.0,0.0
2024-11-01,138782.98260430526,-0.0011003344634985535,1.3073986337985843e-12,1.0,0.0,0.0
2024-11-04,138004.68235683572,-0.005608038052392961,1.1141310096718371e-11,1.0,336.3500203804758,224233.3469203172
2024-11-05,139352.8865779904,0.009769264333137961,1.1141310096718371e-11,1.0,0.0,0.0
2024-11-06,142003.02861820775,0.019017489377474606,1.1141310096718371e-11,1.0,0.0,0.0
2024-11-07,143619.62564407827,0.01138424329115506,1.1141310096718371e-11,1.0,0.0,0.0
2024-11-08,142458.555314987,-0.008084343096455893,1.1141310096718371e-11,1.0,0.0,0.0
2024-11-11,138657.19836005894,-0.026683949914576566,0.0,1.0,261.1330427274201,174088.69515161338
2024-11-12,137615.76691561332,-0.007510835764482193,0.0,1.0,0.0,0.0
2024-11-13,138440.6847140411,0.00599435527568315,0.0,1.0,0.0,0.0
2024-11-14,137975.83386513352,-0.0033577618448490387,0.0,1.0,0.0,0.0
2024-11-15,136683.64307933717,-0.009365341376080583,0.0,1.0,0.0,0.0
2024-11-18,137195.84857530944,0.0037473796017784,2.887468042445107e-12,1.0,5.6808584523940455,3787.2389682626967
2024-11-19,137131.1093366124,-0.00047187461843289924,2.887468042445107e-12,1.0,0.0,0.0
2024-11-20,136844.69926745322,-0.00208858566480441,2.887468042445107e-12,1.0,0.0,0.0
2024-11-21,137029.83594716236,0.0013528962444302461,2.887468042445107e-12,1.0,0.0,0.0
2024-11-22,138361.71995133854,0.00971966429770621,2.887468042445107e-12,1.0,0.0,0.0
2024-11-25,137147.95215933208,-0.008772424861683836,0.0,1.0,336.40685155508794,224271.2343700586
2024-11-26,137964.51204630558,0.005953861316316589,0.0,1.0,0.0,0.0
2024-11-27,135902.94289963384,-0.014942749523731202,0.0,1.0,0.0,0.0
2024-11-29,137408.12880411488,0.011075447465421329,0.0,1.0,0.0,0.0
2024-12-02,137174.01268276176,-0.0017038011025305444,0.0,1.0,331.0279059270203,220685.2706180135
2024-12-03,137317.89544125285,0.0010489068277375058,0.0,1.0,0.0,0.0
2024-12-04,136522.82324460722,-0.005790011521009553,0.0,1.0,0.0,0.0
2024-12-05,136835.92925215967,0.0022934334356055075,0.0,1.0,0.0,0.0
2024-12-06,136161.89990350977,-0.004925821400370678,0.0,1.0,0.0,0.0
2024-12-09,135676.3751155461,-0.0035657903444922256,0.0,1.0,245.14483917708785,163429.89278472523
2024-12-10,135059.31147819728,-0.00454805515568435,0.0,1.0,0.0,0.0
2024-12-11,134729.377487625,-0.002442882219383713,0.0,1.0,0.0,0.0
2024-12-12,131734.5498636304,-0.022228467761380877,0.0,1.0,0.0,0.0
2024-12-13,130531.7304418577,-0.009130629914611221,0.0,1.0,0.0,0.0
2024-12-16,129336.06031181029,-0.009159996010165483,0.0,1.0,390.86315099295746,260575.43399530498
2024-12-17,129008.89825335848,-0.0025295502094548894,0.0,1.0,0.0,0.0
2024-12-18,125843.69214666256,-0.024534789069199037,0.0,1.0,0.0,0.0
2024-12-19,124566.1367087921,-0.010151922723163342,0.0,1.0,0.0,0.0
2024-12-20,126063.56857424702,0.012021179310999885,126063.56857424702,1.0,189.37942199436208,126252.94799624139
