date,signal_date,ticker,side,quantity,reference_price,notional,commission,slippage,reason
2023-02-22,2023-02-21,AAPL,BUY,136.08754774047074,146.74410160351695,19970.0449326011,19.970044932601102,9.985022466300551,rebalance
2023-02-22,2023-02-21,AMZN,BUY,209.9899605995831,95.0999984741211,19970.0449326011,19.970044932601102,9.985022466300551,rebalance
2023-02-22,2023-02-21,DIA,BUY,63.363695375844756,315.1654084274573,19970.0449326011,19.970044932601102,9.985022466300551,rebalance
2023-02-22,2023-02-21,GOOGL,BUY,219.575759794254,90.94831301648848,19970.0449326011,19.970044932601102,9.985022466300551,rebalance
2023-02-22,2023-02-21,NVDA,BUY,965.4278101179756,20.6851767924116,19970.0449326011,19.970044932601102,9.985022466300551,rebalance
2023-02-27,2023-02-24,AAPL,BUY,3.7373966797140383,145.6006854773172,544.1675184670133,0.5441675184670134,0.2720837592335067,rebalance
2023-02-27,2023-02-24,AMZN,BUY,5.947757028784849,94.27999877929688,560.75452541339,0.56075452541339,0.280377262706695,rebalance
2023-02-27,2023-02-24,BAC,BUY,642.9548636826725,31.66413212553997,20358.607754406683,20.358607754406684,10.179303877203342,rebalance
2023-02-27,2023-02-24,COST,BUY,43.04932856600879,472.913479316878,20358.607754406683,20.358607754406684,10.179303877203342,rebalance
2023-02-27,2023-02-24,DIA,BUY,1.4320896885038792,314.19648259819013,449.9575428930566,0.4499575428930566,0.2249787714465283,rebalance
2023-02-27,2023-02-24,GOOGL,SELL,219.575759794254,89.13331604003906,19571.515592472944,19.571515592472945,9.785757796236473,rebalance
2023-02-27,2023-02-24,NVDA,SELL,965.4278101179756,23.6450473658971,22827.586298593844,22.827586298593843,11.413793149296922,rebalance
2023-03-06,2023-03-03,AAPL,SELL,4.873583170467441,151.59384830577196,738.8052278494044,0.7388052278494044,0.3694026139247022,rebalance
2023-03-06,2023-03-03,ABBV,BUY,146.35530761265355,139.78171697121525,20457.79618594708,20.457796185947082,10.228898092973541,rebalance
2023-03-06,2023-03-03,AMZN,SELL,1.0223309149388342,95.19000244140624,97.3156822889527,0.0973156822889527,0.04865784114447635,rebalance
2023-03-06,2023-03-03,BAC,BUY,2.905950581886259,31.67523982584756,92.04668160330851,0.09204668160330852,0.04602334080165426,rebalance
2023-03-06,2023-03-03,C,BUY,433.73485710402844,47.16659463926925,20457.79618594708,20.457796185947082,10.228898092973541,rebalance
2023-03-06,2023-03-03,COST,SELL,43.04932856600879,457.5225746749468,19696.039643548076,19.696039643548076,9.848019821774038,rebalance
2023-03-06,2023-03-03,DIA,SELL,64.79578506434864,317.90163832582795,20598.686228564646,20.598686228564645,10.299343114282323,rebalance
2023-03-13,2023-03-10,AAPL,SELL,5.713633512005856,145.69922529511118,832.4719763194386,0.8324719763194386,0.4162359881597193,rebalance
2023-03-13,2023-03-10,ABBV,SELL,5.507702126526993,133.68943508336602,736.3215859028475,0.7363215859028475,0.36816079295142373,rebalance
2023-03-13,2023-03-10,AMZN,SELL,5.625217159089885,89.97000122070312,506.10079467003715,0.5061007946700372,0.2530503973350186,rebalance
2023-03-13,2023-03-10,BAC,SELL,645.8608142645587,26.753735508146367,17279.18939991005,17.27918939991005,8.639594699955024,rebalance
2023-03-13,2023-03-10,C,BUY,11.013017862106778,42.338227724458136,466.27165817940187,0.46627165817940186,0.23313582908970093,rebalance
2023-03-13,2023-03-10,COST,BUY,42.01306428844186,448.19003634222673,18829.836810285065,18.829836810285066,9.414918405142533,rebalance
2023-03-20,2023-03-17,AAPL,SELL,1.8511248994671377,152.85558396503848,282.9547775002725,0.2829547775002725,0.14147738875013624,rebalance
2023-03-20,2023-03-17,ABBV,SELL,0.40156228409207984,138.6422367068879,55.6734932436527,0.05567349324365271,0.027836746621826353,rebalance
2023-03-20,2023-03-17,ADBE,BUY,54.44969202137854,357.6099853515625,19471.753566162268,19.471753566162267,9.735876783081133,rebalance
2023-03-20,2023-03-17,AMZN,SELL,11.426610550536026,98.41000366210938,1124.492786123748,1.124492786123748,0.562246393061874,rebalance
2023-03-20,2023-03-17,C,SELL,444.7478749661352,40.27537279022491,17912.386461921433,17.912386461921432,8.956193230960716,rebalance
2023-03-20,2023-03-17,COP,BUY,227.14680623018347,85.72321085787225,19471.753566162268,19.471753566162267,9.735876783081133,rebalance
2023-03-20,2023-03-17,COST,SELL,42.01306428844186,468.54486758761817,19685.005643978082,19.68500564397808,9.84250282198904,rebalance
2023-03-27,2023-03-24,AAPL,SELL,0.6384242522517098,157.65605893887226,100.65145154100102,0.10065145154100102,0.05032572577050051,rebalance
2023-03-27,2023-03-24,ABBV,SELL,0.22632929057053275,142.5093359280791,32.25403690027988,0.03225403690027988,0.01612701845013994,rebalance
2023-03-27,2023-03-24,ADBE,SELL,54.44969202137854,376.510009765625,20500.854074704508,20.500854074704506,10.250427037352253,rebalance
2023-03-27,2023-03-24,AMZN,BUY,3.8384534631649103,99.06999969482422,380.27558342434463,0.38027558342434464,0.19013779171217232,rebalance
2023-03-27,2023-03-24,COP,BUY,2.401522525371206,87.0519006689323,209.0571003328177,0.2090571003328177,0.10452855016640886,rebalance
2023-03-27,2023-03-24,COST,BUY,41.852368280943686,477.4549000288352,19982.618313547962,19.982618313547963,9.991309156773982,rebalance
2023-04-03,2023-03-31,AAPL,SELL,126.74817858599263,161.92421157763323,20523.598886437914,20.523598886437917,10.261799443218958,rebalance
2023-04-03,2023-03-31,ABBV,BUY,4.635109707157881,141.98895502214577,658.1343837323516,0.6581343837323516,0.3290671918661758,rebalance
2023-04-03,2023-03-31,AMZN,SELL,0.6484013041291234,102.3000030517578,66.33145539117307,0.06633145539117306,0.03316572769558653,rebalance
2023-04-03,2023-03-31,COP,SELL,229.54832875555468,95.61256438171156,21947.704361854765,21.947704361854765,10.973852180927382,rebalance
2023-04-03,2023-03-31,COST,BUY,1.2932676147975712,476.70603546616223,616.50847744693,0.61650847744693,0.308254238723465,rebalance
2023-04-03,2023-03-31,MRNA,BUY,133.9920849219893,153.5,20567.785035525354,20.567785035525354,10.283892517762677,rebalance
2023-04-03,2023-03-31,NVDA,BUY,748.336579192791,27.484671479925822,20567.785035525354,20.567785035525354,10.283892517762677,rebalance
2023-04-10,2023-04-06,ABBV,SELL,144.85482361862182,145.093402790532,21017.479269448162,21.01747926944816,10.50873963472408,rebalance
2023-04-10,2023-04-06,AMZN,SELL,201.053611162839,100.95999908447266,20298.372398930147,20.298372398930148,10.149186199465074,rebalance
2023-04-10,2023-04-06,COST,BUY,1.0495676114020398,464.6083426068987,487.6378683873832,0.48763786838738327,0.24381893419369163,rebalance
2023-04-10,2023-04-06,GS,BUY,68.5437470075605,299.5672274870466,20533.460252628443,20.533460252628444,10.266730126314222,rebalance
2023-04-10,2023-04-06,MCD,BUY,77.70584501748446,264.2460196914176,20533.460252628443,20.533460252628444,10.266730126314222,rebalance
2023-04-10,2023-04-06,MRNA,SELL,133.9920849219893,160.0,21438.733587518287,21.43873358751829,10.719366793759145,rebalance
2023-04-10,2023-04-06,NVDA,BUY,17.858128741975975,26.7992718299702,478.58484653081786,0.47858484653081784,0.23929242326540892,rebalance
2023-04-10,2023-04-06,QQQ,BUY,66.24359131644947,309.96900748540213,20533.460252628443,20.533460252628444,10.266730126314222,rebalance
2023-04-17,2023-04-14,AAPL,BUY,128.14749081464572,162.73246797792896,20853.75744544628,20.85375744544628,10.42687872272314,rebalance
2023-04-17,2023-04-14,COST,SELL,0.1185424247338247,473.1247089351057,56.085350198652485,0.05608535019865249,0.028042675099326245,rebalance
2023-04-17,2023-04-14,DIA,BUY,64.55783548148663,323.0244212792195,20853.75744544628,20.85375744544628,10.42687872272314,rebalance
2023-04-17,2023-04-14,GS,SELL,68.5437470075605,312.2041026593813,21399.639027407076,21.399639027407076,10.699819513703538,rebalance
2023-04-17,2023-04-14,MCD,SELL,77.70584501748446,270.4607791601631,21016.383388727725,21.016383388727725,10.508191694363862,rebalance
2023-04-17,2023-04-14,NVDA,BUY,19.50905282376823,26.54150137363937,517.7995523204474,0.5177995523204474,0.2588997761602237,rebalance
2023-04-17,2023-04-14,QQQ,BUY,0.3820068760000055,312.9991776615612,119.5678380490637,0.1195678380490637,0.05978391902453185,rebalance
2023-04-24,2023-04-21,AAPL,BUY,0.8821186360577826,162.643765839196,143.47109688537296,0.14347109688537296,0.07173554844268648,rebalance
2023-04-24,2023-04-21,COST,SELL,44.07666108240947,485.9232446175926,21417.874165074383,21.41787416507438,10.70893708253719,rebalance
2023-04-24,2023-04-21,DIA,BUY,0.606080445481382,322.04727550969903,195.18655620698374,0.19518655620698372,0.09759327810349186,rebalance
2023-04-24,2023-04-21,NVDA,SELL,8.135950927051226,26.989107985798988,219.58205813734693,0.21958205813734694,0.10979102906867347,rebalance
2023-04-24,2023-04-21,QQQ,BUY,0.7971585189939816,311.2578394804979,248.12183834554017,0.24812183834554016,0.12406091917277008,rebalance
2023-04-24,2023-04-21,TSLA,BUY,127.4574088294043,164.64999389648438,20985.86158582313,20.985861585823134,10.492930792911567,rebalance
2023-05-01,2023-04-28,AAPL,SELL,1.604462127683476,166.86264216717663,267.7247898824347,0.26772478988243475,0.13386239494121738,rebalance
2023-05-01,2023-04-28,ADBE,BUY,56.47259358150032,376.510009765625,21262.496760860857,21.262496760860856,10.631248380430428,rebalance
2023-05-01,2023-04-28,DIA,BUY,0.24155133448431343,325.08745294741163,78.52530808355372,0.07852530808355372,0.03926265404177686,rebalance
2023-05-01,2023-04-28,GS,BUY,66.51099595581026,319.68393278891216,21262.496760860857,21.262496760860856,10.631248380430428,rebalance
2023-05-01,2023-04-28,JNJ,BUY,142.11329947532053,149.61651611328125,21262.496760860857,21.262496760860856,10.631248380430428,rebalance
2023-05-01,2023-04-28,NVDA,SELL,777.5678098314839,27.815372941798888,21628.33861800048,21.62833861800048,10.81416930900024,rebalance
2023-05-01,2023-04-28,QQQ,SELL,67.42275671144345,316.8753983835549,21364.612893056146,21.364612893056147,10.682306446528074,rebalance
2023-05-01,2023-04-28,TSLA,SELL,127.4574088294043,163.1699981689453,20797.225165312415,20.797225165312415,10.398612582656208,rebalance
2023-05-08,2023-05-05,AAPL,SELL,5.518719260890066,170.01693107088172,938.2757121782937,0.9382757121782938,0.4691378560891469,rebalance
2023-05-08,2023-05-05,ADBE,BUY,3.0853281913058623,348.0,1073.6942105744401,1.0736942105744403,0.5368471052872201,rebalance
2023-05-08,2023-05-05,AMZN,BUY,197.31679927920436,105.04000091552734,20726.15677693655,20.72615677693655,10.363078388468274,rebalance
2023-05-08,2023-05-05,BAC,BUY,797.8763103197605,25.976653910968032,20726.15677693655,20.72615677693655,10.363078388468274,rebalance
2023-05-08,2023-05-05,DIA,SELL,65.40546726145233,321.34193836742395,21017.51962962218,21.017519629622182,10.508759814811091,rebalance
2023-05-08,2023-05-05,GS,BUY,1.1564173950389147,306.29450352229924,354.204291877995,0.354204291877995,0.1771021459389975,rebalance
2023-05-08,2023-05-05,JNJ,SELL,142.11329947532053,148.14412640655524,21053.250601524527,21.053250601524528,10.526625300762264,rebalance
2023-05-15,2023-05-12,AAPL,SELL,1.5212828571773827,170.9233138186056,260.0227072041948,0.2600227072041948,0.1300113536020974,rebalance
2023-05-15,2023-05-12,ADBE,BUY,1.4369724933305434,337.3500061035156,484.7626793956429,0.48476267939564294,0.24238133969782147,rebalance
2023-05-15,2023-05-12,AMZN,SELL,197.31679927920436,111.1500015258789,21931.76254096511,21.931762540965106,10.965881270482553,rebalance
2023-05-15,2023-05-12,BAC,SELL,797.8763103197605,25.07005999392906,20002.806967451157,20.002806967451157,10.001403483725579,rebalance
2023-05-15,2023-05-12,DIA,BUY,64.73614827239189,317.8537571680003,20576.627952964514,20.576627952964515,10.288313976482257,rebalance
2023-05-15,2023-05-12,GLD,BUY,109.8591971046495,187.3000030517578,20576.627952964514,20.576627952964515,10.288313976482257,rebalance
2023-05-15,2023-05-12,GS,BUY,1.44487651524787,297.72748078281165,430.1794449269961,0.43017944492699606,0.21508972246349803,rebalance
2023-05-22,2023-05-19,AAPL,BUY,1.8774868418094002,171.73273062815065,322.425942062351,0.322425942062351,0.1612129710311755,rebalance
2023-05-22,2023-05-19,ADBE,SELL,60.994894266136725,371.25,22644.35449630326,22.644354496303258,11.322177248151629,rebalance
2023-05-22,2023-05-19,COST,BUY,43.909060067320446,478.1813963447154,20996.495655175273,20.996495655175273,10.498247827587637,rebalance
2023-05-22,2023-05-19,DIA,BUY,1.057914171526292,319.12447529854774,337.6063048992258,0.3376063048992258,0.1688031524496129,rebalance
2023-05-22,2023-05-19,GLD,BUY,4.7379839633896665,183.22000122070312,868.0934275559265,0.8680934275559264,0.4340467137779632,rebalance
2023-05-22,2023-05-19,GS,BUY,0.1712640379578687,303.05165471522423,51.90185009634308,0.051901850096343086,0.025950925048171543,rebalance
2023-05-30,2023-05-26,AAPL,SELL,1.1844583292453876,174.67423726963298,206.8943552386019,0.2068943552386019,0.10344717761930095,rebalance
2023-05-30,2023-05-26,COST,SELL,0.7902142145905842,490.4870996858644,387.58987824507886,0.38758987824507884,0.19379493912253942,rebalance
2023-05-30,2023-05-26,DIA,SELL,65.79406244391818,315.8102663938299,20778.44038754608,20.77844038754608,10.38922019377304,rebalance
2023-05-30,2023-05-26,GLD,BUY,1.786472366021158,181.72000122070312,324.63776053411726,0.32463776053411725,0.16231888026705862,rebalance
2023-05-30,2023-05-26,GS,SELL,69.28355390405491,308.56168101043403,21378.2498590122,21.3782498590122,10.6891249295061,rebalance
2023-05-30,2023-05-26,MCD,BUY,79.82473276852859,264.9459247854263,21149.237644107332,21.14923764410733,10.574618822053665,rebalance
2023-05-30,2023-05-26,NVDA,BUY,521.4425740633448,40.55909259441889,21149.237644107332,21.14923764410733,10.574618822053665,rebalance
2023-06-05,2023-06-02,AAPL,SELL,3.488528380887928,180.27101332814428,628.8805462466572,0.6288805462466572,0.3144402731233286,rebalance
2023-06-05,2023-06-02,COST,SELL,0.13664974893563908,493.1810480446788,67.39306639512071,0.06739306639512072,0.03369653319756036,rebalance
2023-06-05,2023-06-02,GLD,SELL,116.38365343406032,180.7899932861328,21040.999922959374,21.040999922959372,10.520499961479686,rebalance
2023-06-05,2023-06-02,GS,BUY,70.11211788491279,302.3443758542156,21198.004521731145,21.198004521731146,10.599002260865573,rebalance
2023-06-05,2023-06-02,MCD,SELL,79.82473276852859,272.04651034347324,21716.039988778502,21.7160399887785,10.85801999438925,rebalance
2023-06-05,2023-06-02,NVDA,BUY,23.849508325669717,38.87458704490847,927.1397873845168,0.9271397873845167,0.4635698936922584,rebalance
2023-06-05,2023-06-02,ORCL,BUY,206.66707924014077,102.57078485683594,21198.004521731145,21.198004521731146,10.599002260865573,rebalance
2023-06-12,2023-06-09,AAPL,SELL,117.58964533662866,178.92859184232086,21040.1496553209,21.0401496553209,10.52007482766045,rebalance
2023-06-12,2023-06-09,COST,BUY,0.7248716616214281,497.6934593858464,360.76388488313523,0.3607638848831352,0.1803819424415676,rebalance
2023-06-12,2023-06-09,GS,SELL,1.462473626296557,316.8657607872621,463.40781822776455,0.4634078182277645,0.23170390911388225,rebalance
2023-06-12,2023-06-09,MRNA,BUY,176.33529221915379,123.36000061035156,21752.72175578133,21.75272175578133,10.876360877890665,rebalance
2023-06-12,2023-06-09,NVDA,BUY,10.058096454867155,39.16937922135142,393.9693942856219,0.3939693942856219,0.19698469714281094,rebalance
2023-06-12,2023-06-09,ORCL,SELL,206.66707924014077,110.75590462551848,22889.5993175555,22.8895993175555,11.44479965877775,rebalance
2023-06-12,2023-06-09,SNAP,BUY,2130.531016112441,10.210000038146973,21752.721755781335,21.752721755781334,10.876360877890667,rebalance
2023-06-20,2023-06-16,COST,BUY,1.01804871930117,502.1865329465165,511.2503567164959,0.5112503567164959,0.25562517835824794,rebalance
2023-06-20,2023-06-16,GS,SELL,68.64964425861623,313.94465189808784,21552.188669698837,21.552188669698836,10.776094334849418,rebalance
2023-06-20,2023-06-16,MRNA,SELL,0.5891995215440602,127.8000030517578,75.29970065142513,0.07529970065142513,0.03764985032571257,rebalance
2023-06-20,2023-06-16,NVDA,SELL,555.3501788438816,42.96441968644821,23860.2981567926,23.860298156792602,11.930149078396301,rebalance
2023-06-20,2023-06-16,SNAP,SELL,2130.531016112441,10.579999923706056,22541.017987923016,22.541017987923016,11.270508993961508,rebalance
2023-06-20,2023-06-16,UNH,BUY,51.94938112932777,432.35069782976007,22460.35118308903,22.46035118308903,11.230175591544516,rebalance
2023-06-26,2023-06-23,COST,SELL,0.2634245577163341,504.5439460299575,132.90926583139552,0.1329092658313955,0.06645463291569775,rebalance
2023-06-26,2023-06-23,CRM,BUY,108.62808999442817,206.51083428943448,22432.87749201713,22.43287749201713,11.216438746008565,rebalance
2023-06-26,2023-06-23,DIA,BUY,69.57874599908443,322.40991368703766,22432.877492017127,22.432877492017127,11.216438746008563,rebalance
2023-06-26,2023-06-23,GS,BUY,76.03291695625835,295.0416528794067,22432.87749201713,22.43287749201713,11.216438746008565,rebalance
2023-06-26,2023-06-23,MRNA,SELL,175.74609269760973,121.1999969482422,21300.42589861579,21.300425898615792,10.650212949307896,rebalance
2023-06-26,2023-06-23,UNH,SELL,2.384702783957948,452.59806460769136,1079.311864683941,1.079311864683941,0.5396559323419705,rebalance
2023-07-03,2023-06-30,COST,SELL,0.45343003800505954,516.9072995529646,234.3812964813934,0.2343812964813934,0.1171906482406967,rebalance
2023-07-03,2023-06-30,CRM,BUY,0.716016257077186,208.0422309981348,148.96161955327182,0.1489616195532718,0.0744808097766359,rebalance
2023-07-03,2023-06-30,DIA,SELL,0.2973818896136464,328.34503337890527,97.64386647147465,0.09764386647147466,0.04882193323573733,rebalance
2023-07-03,2023-06-30,GS,SELL,0.6722384152269001,301.857576808768,202.92025905815845,0.20292025905815844,0.10146012952907922,rebalance
2023-07-03,2023-06-30,JNJ,BUY,150.22523580302575,151.42723317730412,22748.191811060275,22.748191811060273,11.374095905530137,rebalance
2023-07-03,2023-06-30,UNH,SELL,49.56467834536982,452.5602386556836,22431.002660872757,22.431002660872757,11.215501330436378,rebalance
2023-07-10,2023-07-07,COST,BUY,0.12040689283612949,505.1787864736388,60.827008006017365,0.06082700800601736,0.03041350400300868,rebalance
2023-07-10,2023-07-07,CRM,SELL,1.3836764278863285,206.49109474947363,285.7168603732891,0.2857168603732891,0.14285843018664454,rebalance
2023-07-10,2023-07-07,DIA,SELL,69.28136410947079,322.98428588080463,22376.79191174543,22.37679191174543,11.188395955872714,rebalance
2023-07-10,2023-07-07,GS,SELL,75.36067854103145,296.4834657783872,22343.195157255937,22.343195157255938,11.171597578627969,rebalance
2023-07-10,2023-07-07,JNJ,BUY,1.5270438445934644,146.90301454230942,224.3273441090578,0.22432734410905783,0.11216367205452892,rebalance
2023-07-10,2023-07-07,NVDA,BUY,523.0159056334096,42.62368907673001,22292.867343902813,22.292867343902817,11.146433671951408,rebalance
2023-07-10,2023-07-07,UNH,BUY,51.19770077676706,435.4271189072433,22292.867343902813,22.292867343902817,11.146433671951408,rebalance
2023-07-17,2023-07-14,AAPL,BUY,123.89687404785556,189.4212680255728,23468.702986549484,23.468702986549484,11.734351493274742,rebalance
2023-07-17,2023-07-14,COST,BUY,0.5311562804841898,525.4992144237602,279.1222081306882,0.2791222081306882,0.1395611040653441,rebalance
2023-07-17,2023-07-14,CRM,SELL,107.96042982361902,226.48812047956235,24451.754836917164,24.45175483691716,12.22587741845858,rebalance
2023-07-17,2023-07-14,JNJ,SELL,151.75227964761922,147.19788284911036,22337.61428165569,22.33761428165569,11.168807140827845,rebalance
2023-07-17,2023-07-14,JPM,BUY,165.15032897801544,142.10509377594764,23468.702986549488,23.468702986549488,11.734351493274744,rebalance
2023-07-17,2023-07-14,NVDA,SELL,15.61571913325048,46.25284659122238,722.2714614818506,0.7222714614818506,0.3611357307409253,rebalance
2023-07-17,2023-07-14,UNH,BUY,0.3355024587338349,455.4093577164256,152.79095924425732,0.15279095924425734,0.07639547962212867,rebalance
2023-07-24,2023-07-21,AAPL,SELL,123.89687404785556,190.9117629424984,23653.37064754078,23.653370647540783,11.826685323770391,rebalance
2023-07-24,2023-07-21,COST,SELL,0.32804253365973324,536.8716910969282,176.11674979762196,0.17611674979762196,0.08805837489881098,rebalance
2023-07-24,2023-07-21,JPM,SELL,165.15032897801544,146.47176198904768,24189.8596784808,24.1898596784808,12.0949298392404,rebalance
2023-07-24,2023-07-21,NVDA,BUY,25.095868662528403,44.69606643044392,1121.6866128700653,1.1216866128700655,0.5608433064350328,rebalance
2023-07-24,2023-07-21,QQQ,BUY,64.14691928219919,371.0307419565425,23800.479055500808,23.80047905550081,11.900239527750404,rebalance
2023-07-24,2023-07-21,UNH,SELL,51.53320323550089,478.3355714635015,24650.16421899808,24.650164218998082,12.325082109499041,rebalance
2023-07-31,2023-07-28,COST,BUY,0.22247948025409414,541.6824054429684,120.5132200257391,0.12051322002573911,0.060256610012869555,rebalance
2023-07-31,2023-07-28,NVDA,SELL,15.895966920414367,46.71749069931303,742.6196867610458,0.7426196867610458,0.3713098433805229,rebalance
2023-07-31,2023-07-28,QQQ,SELL,64.14691928219919,378.0944061373745,24253.5913515452,24.2535913515452,12.1267956757726,rebalance
2023-07-31,2023-07-28,SLB,BUY,450.0222338755437,53.62903874744367,24134.25981772269,24.13425981772269,12.067129908861345,rebalance
2023-08-07,2023-08-04,COST,SELL,44.55426200891011,533.9756259798129,23790.88994627637,23.79088994627637,11.895444973138185,rebalance
2023-08-07,2023-08-04,MSFT,BUY,74.37296517858239,321.4746782634423,23909.02505228297,23.90902505228297,11.954512526141485,rebalance
2023-08-07,2023-08-04,NVDA,BUY,13.81856199942581,45.0757624027515,622.8822174338086,0.6228822174338086,0.3114411087169043,rebalance
2023-08-07,2023-08-04,SLB,SELL,6.740846757163524,53.936451534108656,363.5773544166039,0.3635773544166039,0.18178867720830194,rebalance
2023-08-14,2023-08-11,AMD,BUY,219.35460762723068,106.75,23416.104364206876,23.416104364206873,11.708052182103437,rebalance
2023-08-14,2023-08-11,CVX,BUY,160.76390130674832,145.65523835806508,23416.104364206876,23.416104364206873,11.708052182103437,rebalance
2023-08-14,2023-08-11,MSFT,BUY,0.0486467510865225,314.6411876476948,15.306271537065225,0.015306271537065225,0.007653135768532613,rebalance
2023-08-14,2023-08-11,NVDA,BUY,48.40877450936705,40.454379600754656,1958.3469400092704,1.9583469400092706,0.9791734700046353,rebalance
2023-08-14,2023-08-11,SLB,SELL,443.28138711838017,55.38033734684789,24549.072758194565,24.549072758194566,12.274536379097283,rebalance
2023-08-14,2023-08-11,TSLA,BUY,99.34707113869358,235.6999969482422,23416.104364206876,23.416104364206873,11.708052182103437,rebalance
2023-08-21,2023-08-18,AMD,BUY,1.5691630323368884,106.1999969482422,166.645109245472,0.16664510924547202,0.08332255462273601,rebalance
2023-08-21,2023-08-18,CVX,SELL,160.76390130674832,144.74733574953527,23270.146398853052,23.27014639885305,11.635073199426525,rebalance
2023-08-21,2023-08-18,GS,BUY,77.01390856157104,304.647617658345,23462.103769840236,23.462103769840237,11.731051884920118,rebalance
2023-08-21,2023-08-18,IWM,BUY,131.2896613729906,178.7048844858012,23462.10376984024,23.46210376984024,11.73105188492012,rebalance
2023-08-21,2023-08-18,JNJ,BUY,150.05482234195588,156.35687946351422,23462.103769840236,23.462103769840237,11.731051884920118,rebalance
2023-08-21,2023-08-18,MSFT,BUY,0.7984321646421648,311.9129223112844,249.04130974086218,0.2490413097408622,0.1245206548704311,rebalance
2023-08-21,2023-08-18,NVDA,SELL,578.827424751066,44.4592488124891,25734.232496499957,25.734232496499956,12.867116248249978,rebalance
2023-08-21,2023-08-18,TSLA,SELL,99.34707113869358,221.5500030517578,22010.34391396076,22.010343913960764,11.005171956980382,rebalance
2023-08-28,2023-08-25,AMD,BUY,3.8942672479115856,103.47000122070312,402.93983689515596,0.402939836895156,0.201469918447578,rebalance
2023-08-28,2023-08-25,AMZN,BUY,173.88191709509007,133.77999877929688,23261.92265672295,23.26192265672295,11.630961328361474,rebalance
2023-08-28,2023-08-25,CRM,BUY,111.87722640055156,207.9236624390276,23261.92265672295,23.26192265672295,11.630961328361474,rebalance
2023-08-28,2023-08-25,CVX,BUY,162.3894291982983,143.2477641652226,23261.92265672295,23.26192265672295,11.630961328361474,rebalance
2023-08-28,2023-08-25,GS,BUY,0.30527969224924334,300.85575368897634,91.84515189758486,0.09184515189758485,0.04592257594879243,rebalance
2023-08-28,2023-08-25,IWM,SELL,131.2896613729906,178.84031344569055,23479.88419212421,23.47988419212421,11.739942096062105,rebalance
2023-08-28,2023-08-25,JNJ,SELL,150.05482234195588,153.13922408000292,22979.27906290981,22.979279062909807,11.489639531454904,rebalance
2023-08-28,2023-08-25,MSFT,SELL,75.22004409431108,319.49659681490056,24032.548100399148,24.032548100399147,12.016274050199574,rebalance
2023-09-05,2023-09-01,AMD,SELL,3.764040393317856,109.0,410.2804028716463,0.4102804028716463,0.20514020143582315,rebalance
2023-09-05,2023-09-01,AMZN,SELL,173.88191709509007,137.72999572753906,23948.755698603058,23.94875569860306,11.97437784930153,rebalance
2023-09-05,2023-09-01,CRM,SELL,0.6856745940133777,216.69709017971252,148.58368933285468,0.14858368933285468,0.07429184466642734,rebalance
2023-09-05,2023-09-01,CVX,SELL,162.3894291982983,148.41091749376744,24100.364178608637,24.100364178608636,12.050182089304318,rebalance
2023-09-05,2023-09-01,GS,SELL,77.31918825382029,309.0287611459386,23893.852958887688,23.89385295888769,11.946926479443844,rebalance
2023-09-05,2023-09-01,META,BUY,81.75871015211239,294.7072634122402,24094.88572904358,24.094885729043583,12.047442864521791,rebalance
2023-09-05,2023-09-01,MRNA,BUY,213.75874261983336,112.72000122070312,24094.88572904358,24.094885729043583,12.047442864521791,rebalance
2023-09-05,2023-09-01,NVDA,BUY,500.0459926961605,48.185339110764936,24094.88572904358,24.094885729043583,12.047442864521791,rebalance
2023-09-11,2023-09-08,AAPL,BUY,133.4334385939683,177.98408488615974,23749.02846136104,23.74902846136104,11.87451423068052,rebalance
2023-09-11,2023-09-08,AMD,SELL,221.0539975141613,107.31999969482422,23723.514945759463,23.723514945759465,11.861757472879733,rebalance
2023-09-11,2023-09-08,CRM,SELL,111.19155180653819,223.296879547608,24828.726550456173,24.82872655045617,12.414363275228085,rebalance
2023-09-11,2023-09-08,META,SELL,2.3472679891721384,299.06305457381853,701.9811347451645,0.7019811347451644,0.3509905673725822,rebalance
2023-09-11,2023-09-08,MRNA,BUY,8.6104313758986,106.8000030517578,919.5940972229215,0.9195940972229215,0.45979704861146076,rebalance
2023-09-11,2023-09-08,MSFT,BUY,71.78025581457547,330.85739514094394,23749.028461361035,23.749028461361036,11.874514230680518,rebalance
2023-09-11,2023-09-08,NVDA,BUY,14.941320240208029,46.11575443664463,689.0302551567016,0.6890302551567016,0.3445151275783508,rebalance
2023-09-18,2023-09-15,AAPL,BUY,0.8334256337234365,174.4356561798522,145.3791472956568,0.1453791472956568,0.0726895736478284,rebalance
2023-09-18,2023-09-15,AMD,BUY,232.30439035570532,100.81999969482422,23420.928564768536,23.420928564768534,11.710464282384267,rebalance
2023-09-18,2023-09-15,META,SELL,79.41144216294025,295.86820716463995,23495.32102110763,23.49532102110763,11.747660510553816,rebalance
2023-09-18,2023-09-15,MRNA,SELL,17.291216031898642,114.20500183105467,1974.7433585841463,1.9747433585841463,0.9873716792920731,rebalance
2023-09-18,2023-09-15,MSFT,SELL,71.78025581457547,321.59608191122635,23084.249028552993,23.084249028552993,11.542124514276496,rebalance
2023-09-18,2023-09-15,NVDA,BUY,33.279365909658736,42.71813237686466,1421.6323583469189,1.4216323583469188,0.7108161791734594,rebalance
2023-09-18,2023-09-15,QQQ,BUY,64.27861130025613,364.365814553234,23420.928564768536,23.420928564768534,11.710464282384267,rebalance
2023-09-25,2023-09-22,AAPL,SELL,5.287863783560624,172.1820865728236,910.475419766334,0.9104754197663341,0.45523770988316703,rebalance
2023-09-25,2023-09-22,AMD,SELL,0.8518199869212992,95.9499969482422,81.73212514555037,0.08173212514555037,0.04086606257277518,rebalance
2023-09-25,2023-09-22,AMZN,BUY,171.6749637891586,129.36000061035156,22207.87342054764,22.20787342054764,11.10393671027382,rebalance
2023-09-25,2023-09-22,COST,BUY,41.17736618150398,539.3223384579404,22207.87342054764,22.20787342054764,11.10393671027382,rebalance
2023-09-25,2023-09-22,MRNA,SELL,205.0779579638333,99.5199966430664,20409.357688127606,20.409357688127606,10.204678844063803,rebalance
2023-09-25,2023-09-22,MSFT,BUY,71.50031232568382,310.59827150671464,22207.87342054764,22.20787342054764,11.10393671027382,rebalance
2023-09-25,2023-09-22,NVDA,SELL,548.2666788460273,41.56193764990908,22787.025521721313,22.78702552172131,11.393512760860656,rebalance
2023-09-25,2023-09-22,QQQ,SELL,64.27861130025613,352.1420293075471,22635.200624343222,22.635200624343224,11.317600312171612,rebalance
2023-10-02,2023-09-29,AAPL,BUY,3.292549365589281,169.23661305458424,557.21990294735,0.5572199029473499,0.27860995147367495,rebalance
2023-10-02,2023-09-29,ABBV,BUY,164.68202355125405,135.92976701741136,22385.189093277815,22.385189093277816,11.192594546638908,rebalance
2023-10-02,2023-09-29,ADBE,BUY,44.04452527034498,508.239990234375,22385.189093277815,22.385189093277816,11.192594546638908,rebalance
2023-10-02,2023-09-29,AMD,SELL,12.440836744001274,102.20999908447266,1271.577912214444,1.271577912214444,0.635788956107222,rebalance
2023-10-02,2023-09-29,AMZN,BUY,4.198616568849303,127.27999877929688,534.399911757875,0.534399911757875,0.2671999558789375,rebalance
2023-10-02,2023-09-29,COST,SELL,41.17736618150398,547.438782268433,22542.08719942389,22.542087199423893,11.271043599711946,rebalance
2023-10-02,2023-09-29,MSFT,SELL,71.50031232568382,310.29410713051254,22186.125572650843,22.18612557265084,11.09306278632542,rebalance
2023-10-09,2023-10-06,AAPL,SELL,1.9507582627572333,174.7618406122257,340.9181045889619,0.3409181045889619,0.17045905229448094,rebalance
2023-10-09,2023-10-06,ABBV,BUY,3.0944419841972035,135.7466992054203,420.06028523744175,0.4200602852374417,0.21003014261872086,rebalance
2023-10-09,2023-10-06,ADBE,SELL,0.41406281672531264,522.0,216.14079033061319,0.21614079033061318,0.10807039516530659,rebalance
2023-10-09,2023-10-06,AMD,SELL,4.172558623901011,106.01000213623048,442.33294863329314,0.4423329486332931,0.22116647431664654,rebalance
2023-10-09,2023-10-06,AMZN,BUY,4.566137440487893,126.22000122070312,576.3378733122801,0.57633787331228,0.28816893665614,rebalance
2023-10-16,2023-10-13,AAPL,BUY,2.302968083971706,174.70252330525588,402.3343353613274,0.40233433536132746,0.20116716768066373,rebalance
2023-10-16,2023-10-13,ABBV,SELL,167.77646553545125,137.05919695337215,22995.30763396407,22.995307633964067,11.497653816982034,rebalance
2023-10-16,2023-10-13,ADBE,SELL,43.630462453619664,553.1799926757812,24135.498900534276,24.135498900534277,12.067749450267138,rebalance
2023-10-16,2023-10-13,AMD,SELL,214.83917500088174,105.41999816894533,22648.34543521068,22.64834543521068,11.32417271760534,rebalance
2023-10-16,2023-10-13,AMZN,SELL,180.4397177984958,130.69000244140625,23581.66715961207,23.58166715961207,11.790833579806035,rebalance
2023-10-16,2023-10-13,COST,BUY,42.19158938513394,549.1546015547312,23169.705457754055,23.169705457754056,11.584852728877028,rebalance
2023-10-16,2023-10-13,GOOGL,BUY,169.07580810721888,137.03737818636395,23169.705457754055,23.169705457754056,11.584852728877028,rebalance
2023-10-16,2023-10-13,GS,BUY,78.36580342164568,295.6609189991954,23169.705457754055,23.169705457754056,11.584852728877028,rebalance
2023-10-16,2023-10-13,MRNA,BUY,243.1238690010377,95.3000030517578,23169.705457754055,23.169705457754056,11.584852728877028,rebalance
2023-10-23,2023-10-20,AAPL,SELL,3.8523129613957394,168.93020088937016,650.7720024573067,0.6507720024573067,0.32538600122865335,rebalance
2023-10-23,2023-10-20,COST,SELL,1.4675082211339756,534.1651851418573,783.8918006392277,0.7838918006392277,0.39194590031961385,rebalance
2023-10-23,2023-10-20,CRM,BUY,110.14354872042242,197.50032214702583,21753.386354700062,21.753386354700062,10.876693177350031,rebalance
2023-10-23,2023-10-20,GOOGL,SELL,169.07580810721888,133.93304944521964,22644.838567214614,22.644838567214613,11.322419283607307,rebalance
2023-10-23,2023-10-20,GS,SELL,1.1176410984261764,281.6039333554652,314.7321293965339,0.31473212939653383,0.15736606469826692,rebalance
2023-10-23,2023-10-20,MRNA,SELL,243.1238690010377,79.1500015258789,19243.254602409717,19.243254602409717,9.621627301204859,rebalance
2023-10-23,2023-10-20,MSFT,BUY,68.12618045619213,319.3102300618242,21753.386354700062,21.753386354700062,10.876693177350031,rebalance
2023-10-30,2023-10-27,AAPL,BUY,0.5415470744800643,167.06208999172168,90.4719860915421,0.09047198609154211,0.045235993045771056,rebalance
2023-10-30,2023-10-27,ABBV,BUY,166.07995251059435,130.07770457174345,21603.298997962276,21.603298997962277,10.801649498981138,rebalance
2023-10-30,2023-10-27,AMD,BUY,224.7066687654706,96.13999938964844,21603.298997962276,21.603298997962277,10.801649498981138,rebalance
2023-10-30,2023-10-27,AMZN,BUY,166.53791855279772,129.72000122070312,21603.298997962276,21.603298997962277,10.801649498981138,rebalance
2023-10-30,2023-10-27,COST,SELL,40.72408116399996,526.0680506742515,21423.637993445464,21.423637993445464,10.711818996722732,rebalance
2023-10-30,2023-10-27,CRM,SELL,110.14354872042242,196.6111361208464,21655.44825030405,21.655448250304048,10.827724125152024,rebalance
2023-10-30,2023-10-27,GS,SELL,77.2481623232195,277.03459642859167,21400.413474063454,21.400413474063452,10.700206737031726,rebalance
2023-10-30,2023-10-27,MSFT,SELL,68.12618045619213,327.09993377177346,22284.069115344333,22.284069115344334,11.142034557672167,rebalance
2023-10-30,2023-10-27,TSLA,BUY,103.22677333701988,209.27999877929688,21603.298997962276,21.603298997962277,10.801649498981138,rebalance
2023-11-06,2023-11-03,AAPL,BUY,3.5223784057392606,174.33686186638658,614.0803975625084,0.6140803975625084,0.3070401987812542,rebalance
2023-11-06,2023-11-03,ABBV,BUY,10.422071840067929,131.20587149433226,1367.4370185526516,1.3674370185526514,0.6837185092763257,rebalance
2023-11-06,2023-11-03,AMD,SELL,19.039686178744063,112.5999984741211,2143.868634674326,2.1438686346743263,1.0719343173371632,rebalance
2023-11-06,2023-11-03,AMZN,BUY,0.3552988168644333,138.75999450683594,49.30126187639407,0.049301261876394074,0.024650630938197037,rebalance
2023-11-06,2023-11-03,COP,BUY,207.47719014994752,111.61758026848985,23158.101925442497,23.158101925442494,11.579050962721247,rebalance
2023-11-06,2023-11-03,TSLA,SELL,103.22677333701988,223.97999572753903,23120.73225099335,23.12073225099335,11.560366125496675,rebalance
2023-11-13,2023-11-10,AAPL,SELL,5.514868562070376,183.9094496896321,1014.2364423610156,1.0142364423610157,0.5071182211805079,rebalance
2023-11-13,2023-11-10,ABBV,SELL,176.50202435066228,128.15433889918816,22619.500245027535,22.619500245027535,11.309750122513767,rebalance
2023-11-13,2023-11-10,AMD,SELL,205.66698258672653,118.33999633789062,24338.629966138233,24.33862996613823,12.169314983069116,rebalance
2023-11-13,2023-11-10,AMZN,SELL,166.89321736966215,142.0800018310547,23712.188629472206,23.712188629472205,11.856094314736103,rebalance
2023-11-13,2023-11-10,COP,SELL,207.47719014994752,107.28228550391924,22258.62714921761,22.25862714921761,11.129313574608805,rebalance
2023-11-13,2023-11-10,CRM,BUY,111.4924321996174,210.01823430576212,23415.443749018545,23.415443749018543,11.707721874509271,rebalance
2023-11-13,2023-11-10,MCD,BUY,92.84686488721712,252.1942316249637,23415.443749018545,23.415443749018543,11.707721874509271,rebalance
2023-11-13,2023-11-10,NVDA,BUY,484.9299897645189,48.28623562834099,23415.443749018545,23.415443749018543,11.707721874509271,rebalance
2023-11-13,2023-11-10,TLT,BUY,295.9025373453412,79.13228443083915,23415.443749018545,23.415443749018543,11.707721874509271,rebalance
2023-11-20,2023-11-17,AAPL,BUY,0.6772471106348661,187.93760923589429,127.28020283463393,0.12728020283463393,0.06364010141731696,rebalance
2023-11-20,2023-11-17,CRM,SELL,111.4924321996174,218.771863846493,24391.40719708905,24.391407197089052,12.195703598544526,rebalance
2023-11-20,2023-11-17,MCD,SELL,92.84686488721712,259.6922037811028,24111.606956727708,24.11160695672771,12.055803478363854,rebalance
2023-11-20,2023-11-17,NVDA,BUY,3.235416106587479,49.27754192431734,159.4333528349761,0.1594333528349761,0.07971667641748804,rebalance
2023-11-20,2023-11-17,TLT,SELL,295.9025373453412,81.30970282233795,24059.747375925454,24.059747375925454,12.029873687962727,rebalance
2023-11-27,2023-11-24,AAPL,SELL,0.8403097728088795,187.9672912540552,157.95075180919562,0.15795075180919563,0.07897537590459781,rebalance
2023-11-27,2023-11-24,NVDA,BUY,12.214416359663346,47.76659383867669,583.441065228527,0.583441065228527,0.2917205326142635,rebalance
2023-11-27,2023-11-24,UNH,BUY,45.97401000071631,519.8902539324722,23901.43973356642,23.901439733566423,11.950719866783212,rebalance
2023-12-04,2023-12-01,AAPL,SELL,127.15744092551407,188.0266937107449,23908.99319794377,23.908993197943772,11.954496598971886,rebalance
2023-12-04,2023-12-01,NVDA,BUY,15.105189885301229,46.04480416561592,695.5155101531375,0.6955155101531374,0.3477577550765687,rebalance
2023-12-04,2023-12-01,QQQ,BUY,62.31223323729956,380.9108613200342,23735.40643319464,23.73540643319464,11.86770321659732,rebalance
2023-12-04,2023-12-01,UNH,SELL,45.97401000071631,522.7699126959798,24033.82919435857,24.033829194358567,12.016914597179284,rebalance
2023-12-11,2023-12-08,AMZN,BUY,164.28146210545725,145.66000366210938,23929.238371897587,23.929238371897586,11.964619185948793,rebalance
2023-12-11,2023-12-08,DIA,BUY,68.23821825090518,350.6720864825653,23929.238371897587,23.929238371897586,11.964619185948793,rebalance
2023-12-11,2023-12-08,NVDA,SELL,11.308114086060584,47.461988967358906,536.7055859942433,0.5367055859942433,0.26835279299712167,rebalance
2023-12-11,2023-12-08,QQQ,SELL,0.39718775348028856,386.485032594399,153.50712184992545,0.15350712184992543,0.07675356092496272,rebalance
2023-12-11,2023-12-08,UNH,BUY,45.64904173120977,524.2002343181153,23929.238371897587,23.929238371897586,11.964619185948793,rebalance
2023-12-18,2023-12-15,AMZN,SELL,164.28146210545725,150.55999755859375,24734.216533519855,24.734216533519856,12.367108266759928,rebalance
2023-12-18,2023-12-15,DIA,SELL,0.6618066437764583,360.82259325001934,238.79478943751343,0.23879478943751342,0.11939739471875671,rebalance
2023-12-18,2023-12-15,MSFT,BUY,67.13527597501381,363.1935033333252,24383.096078614886,24.383096078614884,12.191548039307442,rebalance
2023-12-18,2023-12-15,NVDA,SELL,10.290276621129749,49.36982501987744,508.02915619131136,0.5080291561913114,0.2540145780956557,rebalance
2023-12-18,2023-12-15,QQQ,SELL,1.0023987146885815,400.2961186538319,401.25631483342903,0.40125631483342905,0.20062815741671453,rebalance
2023-12-18,2023-12-15,TLT,BUY,271.1097916568789,89.9380871845254,24383.09607861489,24.38309607861489,12.191548039307445,rebalance
2023-12-18,2023-12-15,UNH,SELL,45.64904173120977,504.5103433464784,23030.41371725036,23.03041371725036,11.51520685862518,rebalance
2023-12-26,2023-12-22,DIA,BUY,0.1770990287686942,361.199605450014,63.96809931683303,0.06396809931683303,0.031984049658416516,rebalance
2023-12-26,2023-12-22,MSFT,SELL,0.750967049508688,368.6494851818368,276.84361618990073,0.2768436161899007,0.13842180809495036,rebalance
2023-12-26,2023-12-22,NVDA,BUY,6.184894553877712,48.93808291084912,302.67688247252664,0.3026768824725266,0.1513384412362633,rebalance
2023-12-26,2023-12-22,QQQ,SELL,0.4218948555641546,404.5666574703448,170.68459151952393,0.17068459151952392,0.08534229575976196,rebalance
2023-12-26,2023-12-22,TLT,BUY,0.8840566162928098,89.97461326758007,79.542652157591,0.07954265215759099,0.039771326078795494,rebalance
2024-01-02,2023-12-29,DIA,SELL,67.75351063589741,362.2822020179451,24545.89102761918,24.545891027619177,12.272945513809589,rebalance
2024-01-02,2023-12-29,MSFT,SELL,66.38430892550512,367.5288028618132,24398.145588199677,24.39814558819968,12.19907279409984,rebalance
2024-01-02,2023-12-29,NVDA,SELL,3.636697494725297,49.213911661433,178.97610924476547,0.17897610924476545,0.08948805462238273,rebalance
2024-01-02,2023-12-29,QQQ,BUY,0.3739507801390971,401.4066974859619,150.106347677934,0.150106347677934,0.075053173838967,rebalance
2024-01-02,2023-12-29,TLT,BUY,0.400753150514106,89.6915694145651,35.94417901744159,0.03594417901744159,0.017972089508720795,rebalance
2024-01-08,2024-01-05,DIA,BUY,67.14594601494098,360.9289779849881,24234.917671007828,24.23491767100783,12.117458835503914,rebalance
2024-01-08,2024-01-05,JPM,BUY,147.05973635490798,164.79641723632812,24234.917671007828,24.23491767100783,12.117458835503914,rebalance
2024-01-08,2024-01-05,MSFT,BUY,66.75440113085298,363.0459903834981,24234.917671007828,24.23491767100783,12.117458835503914,rebalance
2024-01-08,2024-01-05,NVDA,SELL,6.6600251549105,49.48175774230581,329.54975127294404,0.329549751272944,0.164774875636472,rebalance
2024-01-08,2024-01-05,QQQ,BUY,0.7011083293798706,393.6424659771053,275.98601169418083,0.27598601169418085,0.13799300584709043,rebalance
2024-01-08,2024-01-05,TLT,SELL,272.3946014236858,87.8653874335568,23934.057188901435,23.934057188901438,11.967028594450719,rebalance
2024-01-16,2024-01-12,ADBE,BUY,42.208899303511345,592.8300170898438,25022.702495444126,25.022702495444126,12.511351247722063,rebalance
2024-01-16,2024-01-12,DIA,BUY,1.892385476474871,362.4465127543736,685.8885167353408,0.6858885167353408,0.3429442583676704,rebalance
2024-01-16,2024-01-12,JPM,SELL,147.05973635490798,157.94664595592107,23227.592112419745,23.227592112419746,11.613796056209873,rebalance
2024-01-16,2024-01-12,MSFT,SELL,2.0951785043414333,386.9935560466254,810.8205799475412,0.8108205799475412,0.4054102899737706,rebalance
2024-01-16,2024-01-12,NVDA,SELL,34.68741977812158,54.984391900558016,1907.2666830994042,1.9072666830994043,0.9536333415497021,rebalance
2024-01-16,2024-01-12,QQQ,BUY,0.39462182110623445,403.8497045100903,159.3679058469865,0.1593679058469865,0.07968395292349326,rebalance
2024-01-22,2024-01-19,ABBV,BUY,169.15921434842667,153.51069594374982,25967.74871992493,25.96774871992493,12.983874359962465,rebalance
2024-01-22,2024-01-19,ADBE,SELL,42.208899303511345,615.0,25958.47307165948,25.95847307165948,12.97923653582974,rebalance
2024-01-22,2024-01-19,DIA,SELL,69.03833149141585,367.2176218841721,25352.091909128874,25.352091909128877,12.676045954564438,rebalance
2024-01-22,2024-01-19,MSFT,BUY,1.3751735309433428,393.2457965997971,540.7812106387705,0.5407812106387705,0.27039060531938525,rebalance
2024-01-22,2024-01-19,NVDA,SELL,22.380414470559288,60.01232052303933,1343.1006066456714,1.3431006066456714,0.6715503033228357,rebalance
2024-01-22,2024-01-19,QQQ,BUY,0.046951388328530186,418.7847792861086,19.662526798339886,0.019662526798339887,0.009831263399169943,rebalance
2024-01-22,2024-01-19,UNH,BUY,54.0420028423035,480.510479889129,25967.74871992493,25.96774871992493,12.983874359962465,rebalance
2024-01-29,2024-01-26,AAPL,BUY,137.6758296811503,190.03580216218103,26163.33673180121,26.163336731801213,13.081668365900606,rebalance
2024-01-29,2024-01-26,ABBV,SELL,169.15921434842667,154.82696190137668,26190.40723519067,26.19040723519067,13.095203617595335,rebalance
2024-01-29,2024-01-26,MSFT,SELL,66.03439615745489,399.1835322269837,26359.843506608802,26.359843506608804,13.179921753304402,rebalance
2024-01-29,2024-01-26,NVDA,SELL,5.163659145799272,61.19458949954275,315.988001742746,0.315988001742746,0.157994000871373,rebalance
2024-01-29,2024-01-26,ORCL,BUY,233.9424369873433,111.83664267469648,26163.33673180121,26.163336731801213,13.081668365900606,rebalance
2024-01-29,2024-01-26,QQQ,BUY,0.3404072306569077,419.6353410088851,142.84690431860167,0.14284690431860167,0.07142345215930083,rebalance
2024-01-29,2024-01-26,UNH,BUY,0.4968683013587665,479.7190734455005,238.35720115226718,0.2383572011522672,0.1191786005761336,rebalance
2024-02-05,2024-02-02,AAPL,BUY,6.406423909916697,186.21548923655905,1192.9753626419272,1.192975362641927,0.5964876813209635,rebalance
2024-02-05,2024-02-02,MSFT,BUY,66.58339837442412,402.95851515251775,26830.34734276651,26.83034734276651,13.415173671383254,rebalance
2024-02-05,2024-02-02,NVDA,SELL,34.040185670099845,68.18331639891433,2320.9727498222073,2.3209727498222072,1.1604863749111036,rebalance
2024-02-05,2024-02-02,ORCL,BUY,3.181559101478058,113.14901817324493,359.9902885923936,0.3599902885923936,0.1799951442961968,rebalance
2024-02-05,2024-02-02,QQQ,SELL,62.347791463177174,424.3829062146113,26459.336937205662,26.459336937205663,13.229668468602831,rebalance
2024-02-05,2024-02-02,UNH,BUY,0.6391458252546371,486.2506631559572,310.78508138342886,0.31078508138342886,0.15539254069171443,rebalance
2024-02-12,2024-02-09,AAPL,BUY,2.7468907773251487,186.7206780580925,512.9013084936726,0.5129013084936725,0.2564506542468363,rebalance
2024-02-12,2024-02-09,ABBV,BUY,169.22868034645455,162.00585703929184,27416.037395155734,27.416037395155733,13.708018697577867,rebalance
2024-02-12,2024-02-09,MSFT,SELL,66.58339837442412,413.4380182771655,27528.10827408095,27.528108274080953,13.764054137040477,rebalance
2024-02-12,2024-02-09,NVDA,SELL,15.6409025487784,72.55564739281085,1134.835810234482,1.134835810234482,0.567417905117241,rebalance
2024-02-12,2024-02-09,ORCL,SELL,237.12399608882137,113.86398656996916,26999.883506074977,26.99988350607498,13.49994175303749,rebalance
2024-02-12,2024-02-09,QQQ,BUY,63.438530219233954,432.1669701427517,27416.037395155734,27.416037395155733,13.708018697577867,rebalance
2024-02-12,2024-02-09,UNH,BUY,0.30581864135825043,494.1265702632589,151.1131163769219,0.1511131163769219,0.07555655818846095,rebalance
2024-02-20,2024-02-16,AAPL,BUY,3.9051223249676923,180.15049838773075,703.5097331079836,0.7035097331079836,0.3517548665539918,rebalance
2024-02-20,2024-02-16,ABBV,SELL,169.22868034645455,164.14365432398714,27777.81400849295,27.777814008492953,13.888907004246477,rebalance
2024-02-20,2024-02-16,ADBE,BUY,51.09097510614844,531.5,27154.853268917897,27.154853268917893,13.577426634458947,rebalance
2024-02-20,2024-02-16,CVX,BUY,190.42029389082757,142.60482805727847,27154.853268917897,27.154853268917893,13.577426634458947,rebalance
2024-02-20,2024-02-16,DIA,BUY,72.71640202706786,373.4350505792326,27154.853268917897,27.154853268917893,13.577426634458947,rebalance
2024-02-20,2024-02-16,NVDA,SELL,377.86221169976415,71.90304738257117,27169.44451193128,27.169444511931278,13.584722255965639,rebalance
2024-02-20,2024-02-16,QQQ,SELL,63.438530219233954,423.86861355765257,26889.60185016194,26.88960185016194,13.44480092508097,rebalance
2024-02-20,2024-02-16,UNH,SELL,1.1565417847678603,499.8381358021624,578.0836896756731,0.5780836896756731,0.28904184483783657,rebalance
2024-02-26,2024-02-23,AAPL,SELL,150.73426669335984,180.59641504961763,27222.06818995377,27.222068189953767,13.611034094976883,rebalance
2024-02-26,2024-02-23,ADBE,SELL,1.7367995159676468,556.5599975585938,966.6331343667204,0.9666331343667204,0.4833165671833602,rebalance
2024-02-26,2024-02-23,AMZN,BUY,156.33785044440916,175.6999969482422,27468.559845977434,27.468559845977435,13.734279922988717,rebalance
2024-02-26,2024-02-23,CVX,SELL,190.42029389082757,141.75175382080283,26992.410622097515,26.992410622097516,13.496205311048758,rebalance
2024-02-26,2024-02-23,DIA,SELL,72.71640202706786,379.1890097809865,27573.26047947998,27.57326047947998,13.78663023973999,rebalance
2024-02-26,2024-02-23,NVDA,BUY,344.8600868864046,79.6513162598183,27468.55984597743,27.468559845977428,13.734279922988714,rebalance
2024-02-26,2024-02-23,TSLA,BUY,142.8496583548342,192.2899932861328,27468.559845977434,27.468559845977435,13.734279922988717,rebalance
2024-02-26,2024-02-23,UNH,BUY,0.2000996393981609,503.75706778752505,100.80160760855865,0.10080160760855865,0.050400803804279325,rebalance
2024-03-04,2024-03-01,ADBE,SELL,49.354175590180795,572.8499755859375,28272.538281899142,28.272538281899145,14.136269140949572,rebalance
2024-03-04,2024-03-01,AMZN,SELL,156.33785044440916,177.52999877929688,27754.658398553856,27.754658398553858,13.877329199276929,rebalance
2024-03-04,2024-03-01,DIA,BUY,73.37139770220462,377.1547912824231,27672.37418647464,27.672374186474645,13.836187093237323,rebalance
2024-03-04,2024-03-01,IWM,BUY,137.00004140956892,201.98807169515084,27672.37418647464,27.672374186474645,13.836187093237323,rebalance
2024-03-04,2024-03-01,NVDA,SELL,15.735039208045123,84.07860289478097,1322.9801131070346,1.3229801131070347,0.6614900565535173,rebalance
2024-03-04,2024-03-01,TSLA,SELL,3.6035717982090603,198.72999572753903,716.1378080619667,0.7161378080619667,0.35806890403098335,rebalance
2024-03-04,2024-03-01,UNH,BUY,5.529032009055733,460.7729142733048,2547.6281919229955,2.5476281919229953,1.2738140959614976,rebalance
2024-03-11,2024-03-08,DIA,SELL,1.2572891444192749,374.8008893099241,471.23308944805785,0.47123308944805786,0.23561654472402893,rebalance
2024-03-11,2024-03-08,IWM,SELL,2.4928482403335295,200.94413824577765,500.9232414313243,0.5009232414313243,0.25046162071566214,rebalance
2024-03-11,2024-03-08,JPM,BUY,150.6470592513179,179.41559665071196,27028.43201925036,27.028432019250356,13.514216009625178,rebalance
2024-03-11,2024-03-08,NVDA,SELL,329.12504767835946,86.38026112101332,28429.90755992265,28.42990755992265,14.214953779961325,rebalance
2024-03-11,2024-03-08,QQQ,BUY,62.46016546488796,432.73071433735504,27028.43201925036,27.028432019250356,13.514216009625178,rebalance
2024-03-11,2024-03-08,TSLA,BUY,14.805965249472962,175.4499969482422,2597.706557835811,2.597706557835811,1.2988532789179055,rebalance
2024-03-11,2024-03-08,UNH,SELL,60.05642547396119,456.6160161792141,27422.72574588403,27.422725745884026,13.711362872942013,rebalance
2024-03-18,2024-03-15,DIA,SELL,72.11410855778534,377.08806906585977,27193.36994846107,27.19336994846107,13.596684974230534,rebalance
2024-03-18,2024-03-15,GLD,BUY,134.6495313441285,199.66000366210932,26884.12592127,26.88412592127,13.442062960635,rebalance
2024-03-18,2024-03-15,IWM,SELL,134.5071931692354,197.96843848670167,26628.178996942675,26.628178996942676,13.314089498471338,rebalance
2024-03-18,2024-03-15,JNJ,BUY,179.85537643328146,149.4763540262742,26884.125921269995,26.884125921269995,13.442062960634997,rebalance
2024-03-18,2024-03-15,JPM,SELL,3.4375426636394764,182.6249181740756,627.7809476670532,0.6277809476670532,0.3138904738335266,rebalance
2024-03-18,2024-03-15,MSFT,BUY,65.89441382288054,407.98793648172665,26884.125921269995,26.884125921269995,13.442062960634997,rebalance
2024-03-18,2024-03-15,QQQ,SELL,62.46016546488796,434.5112345408061,27139.643605771485,27.139643605771486,13.569821802885743,rebalance
2024-03-18,2024-03-15,TSLA,BUY,4.071258661460604,170.02000427246094,692.1954150158255,0.6921954150158255,0.34609770750791274,rebalance
2024-03-25,2024-03-22,AMD,BUY,156.48647056341926,172.89999389648438,27056.509805297574,27.056509805297573,13.528254902648786,rebalance
2024-03-25,2024-03-22,GLD,SELL,0.16715410385086216,201.19000244140625,33.62973456184603,0.03362973456184603,0.016814867280923015,rebalance
2024-03-25,2024-03-22,JNJ,SELL,179.85537643328146,146.48816722034266,26346.68445843621,26.34668445843621,13.173342229218106,rebalance
2024-03-25,2024-03-22,JPM,SELL,3.5549433479786217,188.3442287643116,669.5530631758533,0.6695530631758533,0.33477653158792664,rebalance
2024-03-25,2024-03-22,MSFT,SELL,1.29138271765828,418.8117700116772,540.8462817449542,0.5408462817449543,0.27042314087247715,rebalance
2024-03-25,2024-03-22,NVDA,BUY,288.1785370580835,93.88801151365492,27056.509805297577,27.056509805297576,13.528254902648788,rebalance
2024-03-25,2024-03-22,TSLA,SELL,158.1233104675587,168.75999450683594,26684.88900590792,26.684889005907923,13.342444502953962,rebalance
2024-04-01,2024-03-28,ADBE,BUY,54.093320020383764,504.989990234375,27316.58514883852,27.316585148838517,13.658292574419258,rebalance
2024-04-01,2024-03-28,AMD,SELL,4.811932956031086,180.10000610351562,866.6291547509065,0.8666291547509065,0.43331457737545326,rebalance
2024-04-01,2024-03-28,GLD,SELL,134.48237724027763,208.67999267578125,28063.781497522785,28.063781497522786,14.031890748761393,rebalance
2024-04-01,2024-03-28,JPM,SELL,143.6545732396998,191.591863232113,27523.047348808126,27.523047348808124,13.761523674404062,rebalance
2024-04-01,2024-03-28,MSFT,BUY,0.8194446206438926,417.5412936572551,342.15196698412956,0.3421519669841296,0.1710759834920648,rebalance
2024-04-01,2024-03-28,NVDA,BUY,14.504787256233044,90.24806771473165,1309.0290224882965,1.3090290224882966,0.6545145112441483,rebalance
2024-04-01,2024-03-28,UNH,BUY,57.710351533037844,473.3394343162232,27316.58514883852,27.316585148838517,13.658292574419258,rebalance
2024-04-08,2024-04-05,ADBE,SELL,0.05011336473794614,484.7799987792969,24.29395689648799,0.024293956896487993,0.012146978448243997,rebalance
2024-04-08,2024-04-05,AMD,SELL,151.67453760738817,168.1999969482422,25511.656762688737,25.511656762688737,12.755828381344369,rebalance
2024-04-08,2024-04-05,GLD,BUY,121.3032048097809,215.97999572753903,26199.06565655327,26.19906565655327,13.099532828276635,rebalance
2024-04-08,2024-04-05,JPM,BUY,137.5815517301234,190.4257171626085,26199.06565655327,26.19906565655327,13.099532828276635,rebalance
2024-04-08,2024-04-05,MSFT,SELL,2.856474447699547,418.7428494922185,1196.1282497314194,1.1961282497314194,0.5980641248657097,rebalance
2024-04-08,2024-04-05,NVDA,SELL,7.149470431855946,88.64996450448324,633.800300009882,0.633800300009882,0.316900150004941,rebalance
2024-04-08,2024-04-05,UNH,SELL,57.710351533037844,436.4846498831053,25189.682583528953,25.189682583528953,12.594841291764476,rebalance
2024-04-15,2024-04-12,ADBE,BUY,0.1256186295160333,477.0199890136719,59.92259727165073,0.059922597271650724,0.029961298635825362,rebalance
2024-04-15,2024-04-12,AMD,BUY,157.14658878177588,164.42999267578125,25839.612442411417,25.83961244241142,12.91980622120571,rebalance
2024-04-15,2024-04-12,GLD,SELL,2.7402418247801705,217.94000244140625,597.2083099826339,0.5972083099826339,0.29860415499131693,rebalance
2024-04-15,2024-04-12,JPM,BUY,7.761722532984663,177.78333791789487,1379.9049399065514,1.3799049399065515,0.6899524699532757,rebalance
2024-04-15,2024-04-12,MSFT,SELL,1.0652584758115964,420.15122525352587,447.56965382394566,0.44756965382394565,0.22378482691197282,rebalance
2024-04-15,2024-04-12,NVDA,SELL,295.5338538824606,89.0477450616577,26316.623277614548,26.316623277614546,13.158311638807273,rebalance
2024-04-22,2024-04-19,AAPL,BUY,151.8414395249082,164.0272236912775,24906.1297665577,24.9061297665577,12.45306488327885,rebalance
2024-04-22,2024-04-19,ADBE,SELL,1.2018530128196474,470.2200012207031,565.1353251551603,0.5651353251551604,0.2825676625775802,rebalance
2024-04-22,2024-04-19,AMD,BUY,10.967692640065792,148.14999389648438,1624.8635976842636,1.6248635976842636,0.8124317988421318,rebalance
2024-04-22,2024-04-19,COP,BUY,206.0992389933393,120.84532620405558,24906.1297665577,24.9061297665577,12.45306488327885,rebalance
2024-04-22,2024-04-19,GLD,SELL,3.443346327162388,216.3500061035156,744.9679988981006,0.7449679988981006,0.3724839994490503,rebalance
2024-04-22,2024-04-19,JPM,SELL,145.34327426310807,179.2191232415869,26048.294182495734,26.048294182495734,13.024147091247867,rebalance
2024-04-22,2024-04-19,MSFT,SELL,61.500742802355006,394.0321320394096,24233.268808419318,24.233268808419318,12.116634404209659,rebalance
2024-04-29,2024-04-26,AAPL,SELL,2.8462137869165076,171.80639405446584,488.997727438231,0.48899772743823094,0.24449886371911547,rebalance
2024-04-29,2024-04-26,ABBV,BUY,170.230666771927,150.37438876787007,25598.33246537549,25.59833246537549,12.799166232687744,rebalance
2024-04-29,2024-04-26,ADBE,BUY,0.581542512628964,478.0400085449219,278.00058770638526,0.27800058770638525,0.13900029385319262,rebalance
2024-04-29,2024-04-26,AMD,SELL,7.199445045605643,159.0800018310547,1145.2877310375231,1.1452877310375231,0.5726438655187616,rebalance
2024-04-29,2024-04-26,AMZN,BUY,140.07295466689737,182.75,25598.332465375493,25.598332465375496,12.799166232687748,rebalance
2024-04-29,2024-04-26,COP,SELL,206.0992389933393,121.91649072051904,25126.895958237485,25.126895958237483,12.563447979118742,rebalance
2024-04-29,2024-04-26,GLD,SELL,115.11961665783834,216.0200042724609,24868.1400822703,24.8681400822703,12.43407004113515,rebalance
2024-05-06,2024-05-03,AAPL,SELL,148.9952257379917,180.70545548743195,26924.250132436533,26.924250132436534,13.462125066218267,rebalance
2024-05-06,2024-05-03,ABBV,SELL,2.258199480908104,154.91606386430567,349.83137500270175,0.3498313750027018,0.1749156875013509,rebalance
2024-05-06,2024-05-03,ADBE,SELL,0.4539766371704488,490.1000061035156,222.49395264809044,0.22249395264809047,0.11124697632404523,rebalance
2024-05-06,2024-05-03,AMD,BUY,9.050104400490312,153.10000610351562,1385.5710389525204,1.3855710389525204,0.6927855194762602,rebalance
2024-05-06,2024-05-03,AMZN,SELL,140.07295466689737,186.27999877929688,26092.78982436215,26.09278982436215,13.046394912181075,rebalance
2024-05-06,2024-05-03,COST,BUY,35.039548797826576,742.636088736238,26021.63347030048,26.02163347030048,13.01081673515024,rebalance
2024-05-06,2024-05-03,CVX,BUY,176.50220421351472,147.42950993870934,26021.633470300476,26.021633470300475,13.010816735150238,rebalance
2024-05-13,2024-05-10,ABBV,SELL,167.9724672910189,151.966796875,25526.237817406847,25.526237817406848,12.763118908703424,rebalance
2024-05-13,2024-05-10,ADBE,BUY,0.871503179517596,486.239990234375,423.75969749786265,0.42375969749786263,0.21187984874893132,rebalance
2024-05-13,2024-05-10,AMD,BUY,3.491217471036805,151.27999877929688,528.1513747567078,0.5281513747567078,0.2640756873783539,rebalance
2024-05-13,2024-05-10,COST,SELL,1.4276697462395092,780.6896891337032,1114.5670503773154,1.1145670503773153,0.5572835251886576,rebalance
2024-05-13,2024-05-10,CVX,SELL,176.50220421351472,152.7037034298824,26952.54024694109,26.95254024694109,13.476270123470545,rebalance
2024-05-13,2024-05-10,MCD,BUY,99.86344176848601,262.76329899400537,26240.447407983134,26.240447407983133,13.120223703991567,rebalance
2024-05-13,2024-05-10,NVDA,BUY,290.18390273133843,90.4269573914904,26240.447407983138,26.24044740798314,13.12022370399157,rebalance
2024-05-20,2024-05-17,ADBE,SELL,53.966041327318315,483.0,26065.597961094747,26.06559796109475,13.032798980547375,rebalance
2024-05-20,2024-05-17,AMD,SELL,11.299538589114121,165.5500030517578,1870.638647911298,1.8706386479112982,0.9353193239556491,rebalance
2024-05-20,2024-05-17,COST,SELL,33.61187905158707,787.8723760078112,26481.87101046108,26.481871010461077,13.240935505230539,rebalance
2024-05-20,2024-05-17,MCD,SELL,99.86344176848601,259.28999332375844,25893.591149438278,25.893591149438276,12.946795574719138,rebalance
2024-05-20,2024-05-17,NVDA,SELL,3.6753735144304187,93.6971368800976,344.37197526707234,0.3443719752670723,0.17218598763353615,rebalance
2024-05-28,2024-05-24,AMD,SELL,162.15661965864902,169.4199981689453,27472.57420565068,27.47257420565068,13.73628710282534,rebalance
2024-05-28,2024-05-24,CRM,BUY,103.16438308286087,270.1740721688583,27872.341480284595,27.872341480284593,13.936170740142297,rebalance
2024-05-28,2024-05-24,DIA,BUY,73.48974916099021,379.2684258484281,27872.3414802846,27.872341480284597,13.936170740142298,rebalance
2024-05-28,2024-05-24,META,BUY,58.88055794890924,473.3708791358511,27872.341480284595,27.872341480284593,13.936170740142297,rebalance
2024-05-28,2024-05-24,NFLX,BUY,430.7602301451056,64.70500183105469,27872.341480284595,27.872341480284593,13.936170740142297,rebalance
2024-05-28,2024-05-24,NVDA,SELL,33.54175228677906,110.18182631936332,3695.691524908998,3.695691524908998,1.847845762454499,rebalance
2024-06-03,2024-05-31,AMD,BUY,158.63708781555107,170.82000732421875,27098.388502545167,27.098388502545166,13.549194251272583,rebalance
2024-06-03,2024-05-31,CRM,SELL,103.16438308286087,232.10632746778333,23945.10608284235,23.94510608284235,11.972553041421175,rebalance
2024-06-03,2024-05-31,DIA,SELL,73.48974916099021,377.3809692043616,27733.632764959904,27.733632764959907,13.866816382479954,rebalance
2024-06-03,2024-05-31,GOOGL,BUY,158.35375275625884,171.12564767729586,27098.388502545167,27.098388502545166,13.549194251272583,rebalance
2024-06-03,2024-05-31,META,SELL,0.9395667612633147,467.68941896049296,439.42543264983186,0.43942543264983186,0.21971271632491593,rebalance
2024-06-03,2024-05-31,NFLX,SELL,430.7602301451056,64.52200317382812,27793.512936581435,27.79351293658144,13.89675646829072,rebalance
2024-06-03,2024-05-31,NVDA,SELL,14.334134194343875,113.55692243893306,1627.7401649363655,1.6277401649363656,0.8138700824681828,rebalance
2024-06-03,2024-05-31,QQQ,BUY,60.19202924493805,450.1989522944029,27098.388502545167,27.098388502545166,13.549194251272583,rebalance
2024-06-10,2024-06-07,ADBE,BUY,60.64549870405398,453.8399963378906,27523.352909757406,27.523352909757406,13.761676454878703,rebalance
2024-06-10,2024-06-07,AMD,SELL,158.63708781555107,162.47999572753906,25775.353350499976,25.775353350499977,12.887676675249988,rebalance
2024-06-10,2024-06-07,AMZN,BUY,149.52654867491853,184.07000732421875,27523.352909757406,27.523352909757406,13.761676454878703,rebalance
2024-06-10,2024-06-07,CRM,BUY,115.06442729371597,239.1994950750565,27523.352909757406,27.523352909757406,13.761676454878703,rebalance
2024-06-10,2024-06-07,DIA,BUY,72.90248635438087,377.5365462292421,27523.352909757406,27.523352909757406,13.761676454878703,rebalance
2024-06-10,2024-06-07,GOOGL,BUY,0.06778640054520224,173.7349167054555,11.776864652483354,0.011776864652483354,0.005888432326241677,rebalance
2024-06-10,2024-06-07,META,SELL,57.94099118764593,490.53452930197295,28422.056839521658,28.42205683952166,14.21102841976083,rebalance
2024-06-10,2024-06-07,NVDA,SELL,238.63264273578508,120.30210862140808,28708.010107014084,28.708010107014083,14.354005053507041,rebalance
2024-06-10,2024-06-07,QQQ,SELL,60.19202924493805,457.3791635733468,27530.579989832193,27.53057998983219,13.765289994916095,rebalance
2024-06-17,2024-06-14,ADBE,SELL,60.64549870405398,525.510009765625,31869.816616208605,31.869816616208606,15.934908308104303,rebalance
2024-06-17,2024-06-14,AMZN,SELL,149.52654867491853,182.5200042724609,27291.586302992466,27.291586302992467,13.645793151496234,rebalance
2024-06-17,2024-06-14,CRM,BUY,7.880429408460259,227.81282692966752,1795.262900961019,1.795262900961019,0.8976314504805095,rebalance
2024-06-17,2024-06-14,DIA,SELL,72.90248635438087,374.83178172069415,27326.168852081173,27.326168852081175,13.663084426040587,rebalance
2024-06-17,2024-06-14,GOOGL,BUY,2.3417824484754135,174.2214273884837,407.98868080668484,0.4079886808066849,0.20399434040334244,rebalance
2024-06-17,2024-06-14,MSFT,BUY,64.13860636462067,436.6857490254933,28008.41536178565,28.00841536178565,14.004207680892826,rebalance
2024-06-17,2024-06-14,QQQ,BUY,58.983776770494686,474.8494737928723,28008.415361785646,28.008415361785644,14.004207680892822,rebalance
2024-06-17,2024-06-14,TGT,BUY,212.1529725487402,132.01990537912906,28008.415361785646,28.008415361785644,14.004207680892822,rebalance
2024-06-24,2024-06-21,ABBV,BUY,178.06474882577567,161.24799975114675,28712.58457434668,28.712584574346682,14.356292287173341,rebalance
2024-06-24,2024-06-21,AMD,BUY,179.73448872830474,159.75,28712.58457434668,28.712584574346682,14.356292287173341,rebalance
2024-06-24,2024-06-21,AMZN,BUY,151.6536433563649,189.3300018310547,28712.58457434668,28.712584574346682,14.356292287173341,rebalance
2024-06-24,2024-06-21,CRM,SELL,3.5997599268085594,240.584534682558,866.0465669601563,0.8660465669601562,0.4330232834800781,rebalance
2024-06-24,2024-06-21,CVS,BUY,501.9146442376237,57.20611044923638,28712.58457434668,28.712584574346682,14.356292287173341,rebalance
2024-06-24,2024-06-21,GOOGL,SELL,160.76332160527946,178.88826202454848,28758.67119926199,28.75867119926199,14.379335599630995,rebalance
2024-06-24,2024-06-21,MSFT,SELL,64.13860636462067,443.7995887534264,28464.68712783655,28.464687127836548,14.232343563918274,rebalance
2024-06-24,2024-06-21,QQQ,SELL,58.983776770494686,474.3345633370376,27978.0439984019,27.978043998401898,13.989021999200949,rebalance
2024-06-24,2024-06-21,TGT,SELL,212.1529725487402,137.29695923093013,29127.95802274502,29.127958022745023,14.563979011372512,rebalance
2024-07-01,2024-06-28,ABBV,SELL,178.06474882577567,161.37991318682242,28736.073707137017,28.736073707137017,14.368036853568508,rebalance
2024-07-01,2024-06-28,AMD,SELL,179.73448872830474,161.25,28982.18630743914,28.98218630743914,14.49109315371957,rebalance
2024-07-01,2024-06-28,AMZN,SELL,1.8639094041667477,193.4900054931641,360.6478408509842,0.3606478408509842,0.1803239204254921,rebalance
2024-07-01,2024-06-28,CRM,SELL,119.34509677536767,255.3842138864098,30478.853721174775,30.478853721174772,15.239426860587386,rebalance
2024-07-01,2024-06-28,CVS,BUY,24.407437571954972,55.066692899493965,1344.0368692384152,1.3440368692384153,0.6720184346192076,rebalance
2024-07-01,2024-06-28,DIA,BUY,75.80588570348732,382.3293689700548,28982.816445230408,28.98281644523041,14.491408222615204,rebalance
2024-07-01,2024-06-28,MSFT,BUY,65.47202784410344,442.67479410049566,28982.816445230408,28.98281644523041,14.491408222615204,rebalance
2024-07-01,2024-06-28,UNH,BUY,59.494334840557904,487.1525418832403,28982.816445230408,28.98281644523041,14.491408222615204,rebalance
2024-07-08,2024-07-05,AMD,BUY,165.57196755690887,174.89999389648438,28958.536115132272,28.958536115132272,14.479268057566136,rebalance
2024-07-08,2024-07-05,AMZN,SELL,5.026001263452201,200.0399932861328,1005.4012589970733,1.0054012589970733,0.5027006294985367,rebalance
2024-07-08,2024-07-05,CVS,BUY,23.2307394335121,52.694727414241896,1224.1374820802002,1.2241374820802002,0.6120687410401001,rebalance
2024-07-08,2024-07-05,DIA,SELL,0.5109489966922496,384.6013740326164,196.51168618842595,0.19651168618842596,0.09825584309421298,rebalance
2024-07-08,2024-07-05,JPM,BUY,145.76171176522146,198.6703899428391,28958.53611513227,28.958536115132265,14.479268057566133,rebalance
2024-07-08,2024-07-05,MSFT,SELL,65.47202784410344,460.3261258064599,30138.484926168803,30.1384849261688,15.0692424630844,rebalance
2024-07-08,2024-07-05,UNH,SELL,59.494334840557904,470.2717003283613,27978.502005374034,27.978502005374036,13.989251002687018,rebalance
2024-07-15,2024-07-12,AMD,SELL,5.378807224115604,184.4499969482422,992.1209760733062,0.9921209760733062,0.4960604880366531,rebalance
2024-07-15,2024-07-12,AMZN,SELL,144.76373268874596,194.5599975585937,28165.231478495323,28.165231478495325,14.082615739247663,rebalance
2024-07-15,2024-07-12,CRM,BUY,116.47998814412661,253.671282125752,29547.627934512988,29.547627934512985,14.773813967256492,rebalance
2024-07-15,2024-07-12,CVS,SELL,549.5528212430908,55.475964732105766,30486.972929710926,30.486972929710923,15.243486464855462,rebalance
2024-07-15,2024-07-12,DIA,SELL,0.006871027728990953,392.4609786160137,2.6966102666175553,0.002696610266617555,0.0013483051333087776,rebalance
2024-07-15,2024-07-12,JPM,SELL,145.76171176522146,200.75361079562128,29262.189952618803,29.262189952618805,14.631094976309402,rebalance
2024-07-15,2024-07-12,MCD,BUY,121.30038759789646,243.5905483868824,29547.627934512988,29.547627934512985,14.773813967256492,rebalance
2024-07-15,2024-07-12,UNH,BUY,58.6301805446199,503.9661768059211,29547.627934512988,29.547627934512985,14.773813967256492,rebalance
2024-07-22,2024-07-19,AMD,SELL,160.19316033279327,154.22999572753906,24706.590433707686,24.70659043370769,12.353295216853844,rebalance
2024-07-22,2024-07-19,C,BUY,467.08410243416876,61.90306503371725,28913.9375691978,28.913937569197795,14.456968784598898,rebalance
2024-07-22,2024-07-19,CRM,BUY,0.8331648197995349,246.46799475322985,205.34846243492746,0.20534846243492746,0.10267423121746373,rebalance
2024-07-22,2024-07-19,DIA,SELL,75.28806567906608,394.18002167306486,29677.051361097398,29.677051361097394,14.838525680548697,rebalance
2024-07-22,2024-07-19,JPM,BUY,141.78917685612882,203.92203559046192,28913.9375691978,28.913937569197795,14.456968784598898,rebalance
2024-07-22,2024-07-19,MCD,SELL,121.30038759789646,248.06594575119885,30090.49536945918,30.090495369459177,15.045247684729588,rebalance
2024-07-22,2024-07-19,MSFT,BUY,66.33212989626895,435.89641421757136,28913.9375691978,28.913937569197795,14.456968784598898,rebalance
2024-07-22,2024-07-19,UNH,SELL,58.6301805446199,541.2752738363048,31735.067029361126,31.735067029361126,15.867533514680563,rebalance
2024-07-22,2024-07-19,WFC,BUY,507.7050352103432,56.9502675056565,28913.9375691978,28.913937569197795,14.456968784598898,rebalance
2024-07-29,2024-07-26,AMD,BUY,207.31082764192936,141.19000244140625,29270.216260893958,29.270216260893957,14.635108130446978,rebalance
2024-07-29,2024-07-26,C,SELL,467.08410243416876,62.05511683081416,28984.95854636831,28.98495854636831,14.492479273184156,rebalance
2024-07-29,2024-07-26,CRM,SELL,117.31315296392614,260.29994201778464,30536.606914433476,30.536606914433477,15.268303457216739,rebalance
2024-07-29,2024-07-26,DIA,BUY,73.74128988163707,396.9311671639578,29270.216260893954,29.270216260893957,14.635108130446978,rebalance
2024-07-29,2024-07-26,JPM,BUY,0.2689212689610372,206.04398233686013,55.409609191813956,0.05540960919181396,0.02770480459590698,rebalance
2024-07-29,2024-07-26,MSFT,BUY,2.405912916957348,425.822660392389,1024.492238971191,1.024492238971191,0.5122461194855955,rebalance
2024-07-29,2024-07-26,NVDA,BUY,257.58049870241337,113.63521853690592,29270.216260893954,29.270216260893957,14.635108130446978,rebalance
2024-07-29,2024-07-26,WFC,SELL,507.7050352103432,58.37258915119437,29636.057430326036,29.636057430326037,14.818028715163019,rebalance
2024-08-05,2024-08-02,AAPL,BUY,131.304131444534,197.562059997048,25940.7146943053,25.9407146943053,12.97035734715265,rebalance
2024-08-05,2024-08-02,AMD,SELL,207.31082764192936,122.16000366210938,25325.091463933015,25.325091463933013,12.662545731966507,rebalance
2024-08-05,2024-08-02,AMZN,BUY,168.2168054271449,154.2100067138672,25940.714694305305,25.940714694305306,12.970357347152653,rebalance
2024-08-05,2024-08-02,CVS,BUY,475.4569745138183,54.55954184041817,25940.714694305305,25.940714694305306,12.970357347152653,rebalance
2024-08-05,2024-08-02,DIA,SELL,4.948998411373864,377.08752157963335,1866.205545246513,1.8662055452465132,0.9331027726232566,rebalance
2024-08-05,2024-08-02,JPM,SELL,4.091580346784639,188.0218121906125,769.3063515259425,0.7693063515259426,0.3846531757629713,rebalance
2024-08-05,2024-08-02,MSFT,SELL,68.7380428132263,383.9784249914832,26393.925416419777,26.393925416419776,13.196962708209888,rebalance
2024-08-05,2024-08-02,NVDA,SELL,257.58049870241337,92.0156323292122,23701.432463776386,23.701432463776385,11.850716231888192,rebalance
2024-08-12,2024-08-09,AAPL,SELL,131.304131444534,214.65993379251097,28185.736162566824,28.185736162566826,14.092868081283413,rebalance
2024-08-12,2024-08-09,ABBV,BUY,150.36573184972073,180.7490033840278,27178.456174946987,27.178456174946984,13.589228087473492,rebalance
2024-08-12,2024-08-09,AMZN,SELL,168.2168054271449,168.13999938964844,28283.97356184875,28.283973561848754,14.141986780924377,rebalance
2024-08-12,2024-08-09,CVS,BUY,29.56485215667658,53.81639909334011,1591.0738827993039,1.5910738827993038,0.7955369413996519,rebalance
2024-08-12,2024-08-09,DIA,SELL,68.79229147026321,386.2873755877365,26573.593732714606,26.573593732714606,13.286796866357303,rebalance
2024-08-12,2024-08-09,JNJ,BUY,177.67726813117537,152.96529747903207,27178.456174946987,27.178456174946984,13.589228087473492,rebalance
2024-08-12,2024-08-09,JPM,SELL,137.96651777830522,199.99785008173868,27593.00693892502,27.59300693892502,13.79650346946251,rebalance
2024-08-12,2024-08-09,MCD,BUY,105.80915426054267,256.8629941793431,27178.456174946987,27.178456174946984,13.589228087473492,rebalance
2024-08-12,2024-08-09,NKE,BUY,378.3965742764103,71.82532301440374,27178.456174946987,27.178456174946984,13.589228087473492,rebalance
2024-08-19,2024-08-16,ABBV,SELL,150.36573184972073,183.9060138958867,27653.162371019913,27.653162371019913,13.826581185509957,rebalance
2024-08-19,2024-08-16,CVS,SELL,505.0218266704949,54.9452189028059,27748.53481710524,27.74853481710524,13.87426740855262,rebalance
2024-08-19,2024-08-16,JNJ,SELL,177.67726813117537,151.53039579025037,26923.506762847443,26.923506762847445,13.461753381423723,rebalance
2024-08-19,2024-08-16,MCD,SELL,1.7770142067268466,271.143832602657,481.82644260128745,0.48182644260128743,0.24091322130064372,rebalance
2024-08-19,2024-08-16,NKE,SELL,378.3965742764103,80.01634996479766,30277.9127127818,30.277912712781802,15.138956356390901,rebalance
2024-08-19,2024-08-16,NVDA,BUY,227.07819282604908,124.22008831845956,28207.673168048008,28.207673168048007,14.103836584024004,rebalance
2024-08-19,2024-08-16,PFE,BUY,1101.6953216555871,25.603878507588245,28207.673168048004,28.207673168048007,14.103836584024004,rebalance
2024-08-26,2024-08-23,AAPL,BUY,127.24062278264329,225.280145717406,28664.786041647367,28.664786041647364,14.332393020823682,rebalance
2024-08-26,2024-08-23,AMZN,BUY,162.22290060391833,176.6999969482422,28664.786041647367,28.664786041647364,14.332393020823682,rebalance
2024-08-26,2024-08-23,MCD,SELL,104.03214005381582,277.78964111187673,28899.050849649993,28.899050849649992,14.449525424824996,rebalance
2024-08-26,2024-08-23,NVDA,SELL,5.741423397118751,129.50756494551362,743.5577634820481,0.7435577634820482,0.3717788817410241,rebalance
2024-08-26,2024-08-23,PFE,SELL,1101.6953216555871,26.1186637878418,28774.80970296051,28.774809702960507,14.387404851480253,rebalance
2024-09-03,2024-08-30,AAPL,SELL,3.3976396913914755,227.05847075546572,771.4628725054209,0.7714628725054209,0.38573143625271045,rebalance
2024-09-03,2024-08-30,AMZN,SELL,3.8472437682636667,177.5500030517578,683.0781427960702,0.6830781427960702,0.3415390713980351,rebalance
2024-09-03,2024-08-30,MSFT,BUY,68.07331224861467,413.07815685238506,28119.598354494636,28.119598354494634,14.059799177247317,rebalance
2024-09-03,2024-08-30,NVDA,BUY,21.16953057467694,115.95409419910476,2454.6937424069183,2.4546937424069184,1.2273468712034592,rebalance
2024-09-03,2024-08-30,TSLA,BUY,130.63086068973047,215.259994506836,28119.59835449464,28.11959835449464,14.05979917724732,rebalance
2024-09-09,2024-09-06,AAPL,SELL,0.19282800517375165,219.37892899374344,42.30240125501766,0.042302401255017656,0.021151200627508828,rebalance
2024-09-09,2024-09-06,ABBV,BUY,146.31280381179553,185.3989390264641,27126.238592694084,27.126238592694083,13.563119296347041,rebalance
2024-09-09,2024-09-06,AMZN,SELL,2.951152266690798,174.52999877929688,515.0646015030642,0.5150646015030642,0.2575323007515321,rebalance
2024-09-09,2024-09-06,DIA,BUY,68.20104922985277,397.7393148494329,27126.238592694084,27.126238592694083,13.563119296347041,rebalance
2024-09-09,2024-09-06,GLD,BUY,117.29758383217569,231.259994506836,27126.238592694084,27.126238592694083,13.563119296347041,rebalance
2024-09-09,2024-09-06,MSFT,SELL,68.07331224861467,402.5315594789773,27401.656538334228,27.401656538334226,13.700828269167113,rebalance
2024-09-09,2024-09-06,NVDA,SELL,242.50630000360727,104.82945579489092,25421.803456210702,25.421803456210704,12.710901728105352,rebalance
2024-09-09,2024-09-06,TSLA,SELL,130.63086068973047,216.1999969482422,28242.39168246598,28.24239168246598,14.12119584123299,rebalance
2024-09-16,2024-09-13,AAPL,BUY,4.915911149265611,215.126845002842,1057.544455855806,1.0575444558558063,0.5287722279279031,rebalance
2024-09-16,2024-09-13,ABBV,BUY,2.220682474581622,186.20725127470848,413.5071795457615,0.4135071795457615,0.20675358977288075,rebalance
2024-09-16,2024-09-13,AMD,BUY,182.3204532632417,151.6999969482422,27658.012203635895,27.65801220363589,13.829006101817946,rebalance
2024-09-16,2024-09-13,AMZN,SELL,6.155719390019016,185.2899932861328,1140.593204447941,1.140593204447941,0.5702966022239705,rebalance
2024-09-16,2024-09-13,DIA,SELL,0.18085282090477506,406.6147065696727,73.53741670449268,0.07353741670449268,0.03676870835224634,rebalance
2024-09-16,2024-09-13,GLD,SELL,117.29758383217569,238.72999572753903,28002.451687105953,28.002451687105953,14.001225843552977,rebalance
2024-09-23,2024-09-20,AAPL,SELL,3.4230198545470785,225.8563676699032,773.1108308099635,0.7731108308099636,0.3865554154049818,rebalance
2024-09-23,2024-09-20,ABBV,SELL,148.53348628637715,184.19128792956167,27358.574139755692,27.358574139755692,13.679287069877846,rebalance
2024-09-23,2024-09-20,ADBE,BUY,53.76415269515835,525.7100219726562,28264.353894712942,28.26435389471294,14.13217694735647,rebalance
2024-09-23,2024-09-20,AMD,SELL,182.3204532632417,156.4499969482422,28524.034356636294,28.524034356636292,14.262017178318146,rebalance
2024-09-23,2024-09-20,AMZN,SELL,149.26878517894485,191.63999938964844,28605.869900586556,28.605869900586555,14.302934950293277,rebalance
2024-09-23,2024-09-20,DIA,BUY,0.5167996247636921,412.39557509655646,213.1258784641074,0.21312587846410738,0.10656293923205369,rebalance
2024-09-23,2024-09-20,GLD,BUY,116.32857452652709,242.97000122070312,28264.353894712942,28.26435389471294,14.13217694735647,rebalance
2024-09-23,2024-09-20,JNJ,BUY,179.55825534880282,157.41049521676248,28264.353894712942,28.26435389471294,14.13217694735647,rebalance
2024-09-30,2024-09-27,AAPL,SELL,125.14304638079659,228.5387415800987,28600.03433736718,28.600034337367177,14.300017168683588,rebalance
2024-09-30,2024-09-27,ADBE,BUY,0.9486437369328797,513.8300170898438,487.4416275603948,0.4874416275603948,0.2437208137801974,rebalance
2024-09-30,2024-09-27,DIA,SELL,0.576644076892066,413.6687982957616,238.53966233230966,0.23853966233230967,0.11926983116615483,rebalance
2024-09-30,2024-09-27,GLD,SELL,1.0968780676555525,243.97000122070312,267.6053435048876,0.2676053435048876,0.1338026717524438,rebalance
2024-09-30,2024-09-27,JNJ,SELL,179.55825534880282,154.70083992560225,27777.81291803556,27.777812918035558,13.888906459017779,rebalance
2024-09-30,2024-09-27,MRNA,BUY,427.9658407808814,65.69000244140625,28113.07712573458,28.11307712573458,14.05653856286729,rebalance
2024-09-30,2024-09-27,NVDA,BUY,237.7163806811037,118.26310431441512,28113.07712573458,28.11307712573458,14.05653856286729,rebalance
2024-10-07,2024-10-04,ADBE,BUY,0.507783135103594,503.9599914550781,255.90238442784,0.25590238442783997,0.12795119221391998,rebalance
2024-10-07,2024-10-04,AMZN,BUY,152.11239831122256,182.9499969482422,27828.962806827967,27.828962806827963,13.914481403413982,rebalance
2024-10-07,2024-10-04,DIA,SELL,0.6374065297940206,413.3652000860991,263.4816777244914,0.26348167772449144,0.13174083886224572,rebalance
2024-10-07,2024-10-04,GLD,SELL,115.23169645887154,244.5800018310547,28183.36853090634,28.183368530906343,14.091684265453171,rebalance
2024-10-07,2024-10-04,MRNA,SELL,427.9658407808814,60.20000076293945,25763.543941521086,25.763543941521085,12.881771970760543,rebalance
2024-10-07,2024-10-04,NVDA,SELL,14.978555089495984,124.94044391837012,1871.4273221373903,1.8714273221373903,0.9357136610686951,rebalance
2024-10-07,2024-10-04,QQQ,BUY,57.71689292798822,482.16321764841706,27828.962806827967,27.828962806827963,13.914481403413982,rebalance
2024-10-14,2024-10-11,ABBV,BUY,155.4193519070262,184.70482077426004,28706.703538838923,28.706703538838926,14.353351769419463,rebalance
2024-10-14,2024-10-11,ADBE,BUY,1.986882045344423,501.7999877929688,997.0173860999004,0.9970173860999004,0.4985086930499502,rebalance
2024-10-14,2024-10-11,AMZN,SELL,0.8493372748319246,189.77999877929688,161.187226980814,0.161187226980814,0.080593613490407,rebalance
2024-10-14,2024-10-11,DIA,BUY,1.1165285699845526,419.4465834160708,468.32409396645187,0.4683240939664519,0.23416204698322596,rebalance
2024-10-14,2024-10-11,NVDA,SELL,222.7378255916077,136.4159022137037,30384.981435197747,30.384981435197748,15.192490717598874,rebalance
2024-10-14,2024-10-11,QQQ,BUY,0.5738826204710605,492.4742082900232,282.6223891678894,0.2826223891678894,0.1413111945839447,rebalance
2024-10-21,2024-10-18,ABBV,BUY,1.754793028972756,180.8792364929716,317.4056232837811,0.3174056232837811,0.15870281164189054,rebalance
2024-10-21,2024-10-18,ADBE,SELL,57.20746161253925,494.6000061035156,28294.810862728547,28.294810862728546,14.147405431364273,rebalance
2024-10-21,2024-10-18,AMZN,SELL,151.26306103639064,188.0500030517578,28445.019089511487,28.445019089511486,14.222509544755743,rebalance
2024-10-21,2024-10-18,DIA,SELL,1.328108416144545,423.6173573044505,562.6097774609515,0.5626097774609515,0.28130488873047577,rebalance
2024-10-21,2024-10-18,JPM,BUY,129.48368782203664,219.56077874097096,28429.539332459142,28.429539332459147,14.214769666229573,rebalance
2024-10-21,2024-10-18,MS,BUY,246.0667320421372,115.53589181487072,28429.539332459146,28.429539332459147,14.214769666229573,rebalance
2024-10-21,2024-10-18,QQQ,SELL,58.29077554845928,489.97096880094847,28560.78776763723,28.56078776763723,14.280393883818615,rebalance
2024-10-21,2024-10-18,TSLA,BUY,129.87455516286212,218.8999938964844,28429.539332459146,28.429539332459147,14.214769666229573,rebalance
2024-10-28,2024-10-25,ABBV,SELL,157.17414493599895,180.2849729741996,28336.136472029502,28.3361364720295,14.16806823601475,rebalance
2024-10-28,2024-10-25,ADBE,BUY,60.316263714885814,487.6499938964844,29413.225632422807,29.413225632422808,14.706612816211404,rebalance
2024-10-28,2024-10-25,DIA,BUY,3.777820132207239,414.91837346635856,1567.4869845038913,1.5674869845038912,0.7837434922519456,rebalance
2024-10-28,2024-10-25,JPM,BUY,5.601858335815535,217.7377703907154,1219.7361440851182,1.2197361440851182,0.6098680720425591,rebalance
2024-10-28,2024-10-25,MCD,BUY,101.76970490264111,289.0174994666756,29413.225632422807,29.413225632422808,14.706612816211404,rebalance
2024-10-28,2024-10-25,MS,SELL,246.0667320421372,113.37625515163128,27898.12459633743,27.898124596337432,13.949062298168716,rebalance
2024-10-28,2024-10-25,QQQ,BUY,59.40309554530868,495.14634485652994,29413.225632422807,29.413225632422808,14.706612816211404,rebalance
2024-10-28,2024-10-25,TSLA,SELL,129.87455516286212,270.0,35066.12989397277,35.06612989397277,17.533064946986386,rebalance
2024-11-04,2024-11-01,AAPL,BUY,131.91597781100668,219.54780947276663,28961.863962864605,28.96186396286461,14.480931981432304,rebalance
2024-11-04,2024-11-01,ADBE,SELL,60.316263714885814,479.0299987792969,28893.2997337135,28.893299733713498,14.446649866856749,rebalance
2024-11-04,2024-11-01,DIA,SELL,0.47101457405170777,411.2839554677931,193.7207370989641,0.1937207370989641,0.09686036854948205,rebalance
2024-11-04,2024-11-01,IWM,BUY,134.67630027415657,215.0479624396259,28961.8639628646,28.9618639628646,14.4809319814323,rebalance
2024-11-04,2024-11-01,JPM,SELL,135.08554615785218,217.0553561208246,29321.041328068695,29.321041328068695,14.660520664034348,rebalance
2024-11-04,2024-11-01,MCD,SELL,101.76970490264111,284.7093000316312,28974.781447256613,28.974781447256614,14.487390723628307,rebalance
2024-11-04,2024-11-01,QQQ,BUY,0.48697973808468475,483.5836960601601,235.49546164940057,0.23549546164940058,0.11774773082470029,rebalance
2024-11-04,2024-11-01,UNH,BUY,52.970516198511234,546.7544219189352,28961.863962864605,28.96186396286461,14.480931981432304,rebalance
2024-11-11,2024-11-08,AAPL,BUY,5.611903698440216,223.7775700900237,1255.8181732161686,1.2558181732161686,0.6279090866080843,rebalance
2024-11-11,2024-11-08,COST,BUY,32.82317406444586,937.6197159783212,30775.655143812724,30.775655143812724,15.387827571906362,rebalance
2024-11-11,2024-11-08,DIA,BUY,0.6777911876257008,432.8748656979354,293.39876931471935,0.29339876931471937,0.14669938465735968,rebalance
2024-11-11,2024-11-08,GLD,BUY,126.78966623621565,242.72999572753903,30775.655143812724,30.775655143812724,15.387827571906362,rebalance
2024-11-11,2024-11-08,IWM,SELL,134.67630027415657,236.7200737577675,31880.583734321586,31.88058373432159,15.940291867160795,rebalance
2024-11-11,2024-11-08,QQQ,BUY,0.22521301238872837,511.9439000672988,115.29642790819048,0.11529642790819047,0.05764821395409524,rebalance
2024-11-11,2024-11-08,UNH,SELL,52.970516198511234,595.1456499900497,31525.172293271426,31.525172293271428,15.762586146635714,rebalance
2024-11-18,2024-11-15,AAPL,SELL,2.969015137077548,224.0262188410909,665.1372348414462,0.6651372348414462,0.3325686174207231,rebalance
2024-11-18,2024-11-15,COST,SELL,32.82317406444586,904.6768579269238,29694.365979811377,29.694365979811373,14.847182989905686,rebalance
2024-11-18,2024-11-15,DIA,SELL,0.2639874829654332,425.58059564866977,112.34795024422212,0.11234795024422213,0.056173975122111065,rebalance
2024-11-18,2024-11-15,GLD,SELL,126.78966623621565,240.4600067138672,30487.843994409395,30.487843994409392,15.243921997204696,rebalance
2024-11-18,2024-11-15,INTC,BUY,1238.9935938953242,24.32999992370605,30144.714044945526,30.144714044945523,15.072357022472762,rebalance
2024-11-18,2024-11-15,NFLX,BUY,369.6470008200172,81.55000305175781,30144.714044945526,30.144714044945523,15.072357022472762,rebalance
2024-11-18,2024-11-15,PYPL,BUY,352.16872200220973,85.59736331370274,30144.71404494553,30.14471404494553,15.072357022472765,rebalance
2024-11-18,2024-11-15,QQQ,SELL,60.11528829578209,494.8185030829974,29746.156966921728,29.746156966921728,14.873078483460864,rebalance
2024-11-25,2024-11-22,AAPL,SELL,134.55886637236935,230.2024695182051,30975.783334489588,30.975783334489584,15.487891667244792,rebalance
2024-11-25,2024-11-22,DIA,SELL,70.83197484368141,437.7744099428896,31008.425992282228,31.00842599228223,15.504212996141115,rebalance
2024-11-25,2024-11-22,INTC,SELL,1238.9935938953242,25.040000915527344,31024.400725471434,31.02440072547143,15.512200362735715,rebalance
2024-11-25,2024-11-22,NFLX,SELL,369.6470008200172,90.20500183105467,33344.00838581352,33.34400838581352,16.67200419290676,rebalance
2024-11-25,2024-11-22,PYPL,SELL,352.16872200220973,87.52206917454967,30822.535248190154,30.822535248190153,15.411267624095077,rebalance
2024-12-02,2024-11-29,AAPL,BUY,132.81102534109814,235.9809120539101,31340.866890807305,31.340866890807305,15.670433445403653,rebalance
2024-12-02,2024-11-29,DIA,BUY,70.95586236347047,441.6952433086378,31340.86689080731,31.34086689080731,15.670433445403654,rebalance
2024-12-02,2024-11-29,MSFT,BUY,75.06255670757707,417.5299678760296,31340.866890807305,31.340866890807305,15.670433445403653,rebalance
2024-12-02,2024-11-29,NVDA,BUY,225.83951928955437,138.7749450999513,31340.866890807305,31.340866890807305,15.670433445403653,rebalance
2024-12-02,2024-11-29,QQQ,BUY,61.741664463925034,507.61292496608064,31340.866890807305,31.340866890807305,15.670433445403653,rebalance
2024-12-09,2024-12-06,AAPL,SELL,0.14615354070852504,240.516140724136,35.152285564382346,0.035152285564382345,0.017576142782191172,rebalance
2024-12-09,2024-12-06,DIA,SELL,70.95586236347047,438.79388266427327,31134.998344258987,31.13499834425899,15.567499172129494,rebalance
2024-12-09,2024-12-06,MSFT,SELL,2.272704498533855,438.3583975889403,996.2591021704769,0.996259102170477,0.4981295510852385,rebalance
2024-12-09,2024-12-06,NVDA,BUY,3.839537437946717,138.92447761551347,533.4057328519547,0.5334057328519547,0.26670286642597735,rebalance
2024-12-09,2024-12-06,QQQ,SELL,0.6217253323414695,522.0561968557913,324.5755624910905,0.32457556249109054,0.16228778124554527,rebalance
2024-12-16,2024-12-13,AAPL,SELL,3.004201959453809,246.64268436980004,740.9644356687006,0.7409644356687005,0.37048221783435026,rebalance
2024-12-16,2024-12-13,DIA,BUY,74.20743350914202,430.9521857108157,31979.85566675478,31.97985566675478,15.98992783337739,rebalance
2024-12-16,2024-12-13,MCD,BUY,110.73620833891407,288.7931250894805,31979.855666754785,31.979855666754784,15.989927833377392,rebalance
2024-12-16,2024-12-13,MSFT,SELL,0.59789416592983,442.9836304987913,264.8573282776428,0.2648573282776428,0.1324286641388214,rebalance
2024-12-16,2024-12-13,NVDA,BUY,8.734575681160607,134.13601958774962,1171.6212146588405,1.1716212146588405,0.5858106073294203,rebalance
2024-12-16,2024-12-13,QQQ,SELL,61.119939131583564,529.5362173541923,32365.22137265724,32.36522137265724,16.18261068632862,rebalance
2024-12-20,2024-12-19,AAPL,SELL,129.6606698409358,253.1073760986328,32818.0719266304,32.8180719266304,16.4090359633152,final liquidation
2024-12-20,2024-12-19,DIA,SELL,74.20743350914202,421.2755737304688,31261.779126629423,31.26177912662942,15.63088956331471,final liquidation
2024-12-20,2024-12-19,MCD,SELL,110.73620833891407,284.42010498046875,31495.604000893,31.495604000893003,15.747802000446502,final liquidation
2024-12-20,2024-12-19,MSFT,SELL,72.19195804311339,432.4158935546875,31216.950044675385,31.216950044675386,15.608475022337693,final liquidation
2024-12-20,2024-12-19,NVDA,SELL,238.4136324086617,134.65586853027344,32103.794741445687,32.10379474144569,16.051897370722845,final liquidation
